--
-- PostgreSQL database dump
--

-- Dumped from database version 10.6
-- Dumped by pg_dump version 10.7

SET statement_timeout = 0;
SET lock_timeout = 0;
SET idle_in_transaction_session_timeout = 0;
SET client_encoding = 'UTF8';
SET standard_conforming_strings = on;
SELECT pg_catalog.set_config('search_path', '', false);
SET check_function_bodies = false;
SET client_min_messages = warning;
SET row_security = off;

--
-- Data for Name: auth_group; Type: TABLE DATA; Schema: public; Owner: -
--

COPY public.auth_group (id, name) FROM stdin;
2	owner_account_5a1dfaf1-2081-4ed6-9802-74db5cba7c22
3	owner_account_0bd27316-edcb-45b4-a4d6-f59bc080581a
28	owner_account_af8c150e-79e1-468b-9165-a995135a4057
4	owner_account_4ca2a646-efae-4d79-a01b-54f499b2ea7c
52	owner_account_d83a888d-a9c9-42c1-8e0e-7035651445f6
5	owner_account_fa192249-b195-4c4f-91ae-94b072d99a6e
6	owner_account_5db30fab-9deb-4992-b648-aa7b2d2ac354
29	owner_account_8c30cbe1-c65a-4399-86a6-6b487bbb9e25
7	owner_account_4bf768df-92a2-4691-aad1-2576b0f7bbd2
66	owner_account_91d6a0c0-6510-47e3-abab-e4ddaef79988
8	owner_account_c5bc9944-bf98-420f-bbfc-537b2f4ea37b
9	owner_account_4d86234e-0cd5-46cd-bef8-2c648e11d2c0
30	owner_account_15eb3044-4cbf-404f-8a9b-99a767fc4054
10	owner_account_12856588-8c29-478d-b237-571d8542363b
11	owner_account_803ee6b3-2ab7-4ce4-9d6a-1ac386e91e1a
12	owner_account_123bf5ba-912c-4144-8b95-5416bbb13919
31	owner_account_fa125f17-5014-482c-9130-0461ce85985f
13	owner_account_fd187042-c6e8-4ece-9d74-2d7a1efa13eb
53	owner_account_73249abb-c373-47db-a612-4f2e4498e948
14	owner_account_1539a78e-23d7-42ec-bcc6-ebb89edc2683
15	owner_account_8db86a01-7c62-4661-bb6c-135edb88247e
32	owner_account_91176060-860a-4304-a845-19260a9fd65d
74	owner_account_275ee923-1bb8-41dc-97b4-857ca8528b0b
33	owner_account_69c64536-3728-497d-b386-4302bcf7fd21
17	owner_account_cba4e115-28b8-4d28-87c2-fc0dd962dfad
18	owner_account_ec4078f3-d92c-4d1d-833c-70492de6fa1b
19	owner_account_4aa805e7-2a3c-4048-a811-758b3a6a524d
34	owner_account_2543ae2e-b5e3-404f-9394-d5e7ba8c9819
20	owner_account_d7690877-8057-449e-a71b-34808ee5c716
54	owner_account_1c35507f-c28f-404b-b089-62c02f561b5e
21	owner_account_619c2eaa-a1b8-43c1-aa89-1bdca4ee3fe9
22	owner_account_6d0ebb41-de9b-497b-9081-e0212c9c5031
35	owner_account_646385e1-37d3-4c2c-be92-8ab837a3c5dd
23	owner_account_c0e79572-3f22-40f5-a96c-cccdf399ab1c
24	owner_account_5217840b-d9e4-4b7e-8253-a1a3e021bcb1
25	owner_account_eabd6db6-4ace-478f-8548-a86e9b74ee75
36	owner_account_320af8aa-26fb-4823-9ce2-fd472d70ec32
26	owner_account_4742a358-88a5-470a-af1c-ff4ba965012c
27	owner_account_3006bc2f-d2de-49de-9b86-7abc806221ec
55	owner_account_54d222b8-3cb1-4789-9b4f-9ce3ecc9f2e8
37	owner_account_eee661e5-67be-4429-95cc-064b14c3f5aa
67	owner_account_47d34eae-ec03-4f35-a167-dd9403a2381e
38	owner_account_4687261a-789b-4018-88a3-c718a5fe63a5
39	owner_account_8128c946-39b0-4a07-8022-51ca31dbd62c
56	owner_account_32323510-bce3-44e2-9710-e4e3fd5c25a0
40	owner_account_a71dc242-fa58-4647-aef7-685125567227
41	owner_account_599e6bee-d347-40cd-b60e-a0496b4a9d98
42	owner_account_21814672-6261-45b1-a5e6-990e3aea3006
57	owner_account_e8a6877f-f3cb-436b-b492-708ded44b4bc
43	owner_account_f26fea5e-2130-426f-9964-021a3c6b1b82
44	owner_account_12ba8354-d4ed-4b75-8885-5868b32ade5c
45	owner_account_7901615e-6d43-4352-aea9-f5937f98b793
58	owner_account_713cbbf2-df5b-4a59-81d8-21bd3fb94e95
46	owner_account_c618ddd7-00e6-4fc9-8a81-ddf82fa558fb
68	owner_account_5f535e63-62a9-4be6-a114-62490b2ffb42
47	owner_account_6eab6bdb-89a8-4214-8bf5-cf814632b423
48	owner_account_fdc9c398-580c-4e8d-b15d-4d857b68b798
59	owner_account_b65667b9-4607-4ad5-a62a-840472107746
49	owner_account_ceed2b22-da64-4f4e-83a8-41118833a201
50	owner_account_88ecf57d-3693-414e-931d-bcddb12028aa
51	owner_account_353b761f-b7e5-49b0-af19-5d0f6c482f4a
60	owner_account_7355a5f4-d91e-4835-9896-d6a3d9507953
69	owner_account_db71899e-f31d-4c0b-bdde-47b6aadfb3ee
61	owner_account_388e5acf-5d15-468a-9e3d-1be6305b186f
75	owner_account_ad9b2f30-ae26-4999-9aa1-f2d956c0290b
62	owner_account_3c92767e-167f-480d-8b2b-21772a463e8f
63	owner_account_6370e7af-cc67-4a2e-8a0f-ebb328a7845b
70	owner_account_f4933e37-056b-4570-9294-ee0daa5ff9f9
64	owner_account_e2275f7e-462c-4fc9-8868-414c02302035
79	owner_account_20290221-9d3e-4d75-8e87-b4891dee4de7
65	owner_account_c0477564-e2be-4276-a63f-08068282cfd1
71	owner_account_5d7f9bcf-ec91-436c-9bef-47e88213aaca
76	owner_account_4c417cdb-4dee-4003-a08e-f98a192c45b0
72	owner_account_a6a24a76-c1c8-4928-897a-c4cae63b6ef5
81	owner_account_cfb3146b-c786-4e50-b8ae-f01c50d42109
73	owner_account_a9ff73a8-ed11-4d94-9ef6-287f8fcff038
77	owner_account_a5185187-f4ff-46f1-a262-755e1bb1e214
83	owner_account_bfb834a8-5d47-4075-a873-fc8416c9f177
78	owner_account_40db069f-f325-461c-a24c-b371d8450bd1
80	owner_account_43e25611-7b77-4ae6-9a2f-51e563937047
82	owner_account_493c7ae8-f4d8-4b82-a13e-12872e94ec9d
84	owner_account_f2a2e6ed-3878-463e-9ee0-817fda9baba7
85	owner_account_bdf7f4a5-8603-4e02-8392-06a1fbf20100
86	owner_account_9f6f4ac6-ca51-49b0-a10b-27eaa546f3a0
87	owner_account_ceff2572-445f-4124-935b-131a907f138b
88	owner_account_868da6b1-6918-4dbb-b6d2-f607ed2e20b0
89	owner_account_d6bc4eec-2ea3-4952-96a9-facad1400f81
90	owner_account_32d02a30-7663-420f-81d3-d1f3032f33d8
91	owner_account_df890c25-7e8d-4e20-91a9-0f1c7272b711
92	owner_account_b5376a92-472d-4ee7-85ee-f48bd5c2570a
93	owner_account_68581095-4d0a-429b-ae51-dc1952157b36
94	owner_account_f8b83d4e-0b8e-4b20-8658-6d24137d8ff7
125	owner_account_22c6eac8-9f11-475f-958c-64a79ea198b9
95	owner_account_a76a734a-a4f9-44f0-97f8-1768215b99eb
96	owner_account_6cd0b20a-a023-4b16-85f2-23a452eef309
97	owner_account_c6437f06-2fbd-4e62-a1d9-8303172d1266
126	owner_account_f231273b-b977-45c4-9d0a-a145e60e73bb
98	owner_account_ea432ac7-c80a-4dfc-b306-60c4d217c933
99	owner_account_50f82e1d-6877-4080-a303-2168513d8c97
100	owner_account_2e82d1cb-1de4-4d8a-a915-93cb7ad9bca9
127	owner_account_ef5f8ec7-91d0-4b05-8a6d-697f4883124e
101	owner_account_6620b5bf-48e1-4fa2-8430-f1214451bb4b
102	owner_account_c3f457b4-60d2-45c3-a9d1-6d058d4ab538
103	owner_account_ca3ea267-d186-4336-b545-1e76275d3f69
128	owner_account_f1bb6a35-b932-4b86-8ce9-55e4542edac2
104	owner_account_f9c33b7d-db26-44ad-ad15-f49a3526347e
105	owner_account_131596d8-2dbd-46be-b7f7-7f169a1ecce7
106	owner_account_e9597392-2e7f-4c22-b53c-27c4b9144a7f
129	owner_account_0836938e-47f3-4d69-b0a9-af471edecc66
107	owner_account_ecfa4c49-cfe8-4602-9c7a-70e417a0f0bb
108	owner_account_5fd35c2c-4662-45c0-8906-c44daed6559b
109	owner_account_61ca4531-908b-450b-96dc-f03eec21df7f
130	owner_account_7d0c82b6-39b2-471d-9847-810cb7943faa
110	owner_account_e2651526-25be-4095-8f04-1049e96a26cf
111	owner_account_6962e5f3-7623-4557-ba57-ba007aea25a7
112	owner_account_1d91f3ec-2dc1-4281-af22-010755df6bbe
131	owner_account_b84c0462-1771-4575-9ca4-7cf93ed2cff6
113	owner_account_02ff9da5-3207-4b67-bd35-d718ad483281
1	owner
114	owner_account_475c1fe7-e827-44e7-a493-838bab6cdf3a
115	owner_account_098e5390-4195-4734-b3f4-e7dc190bd250
116	owner_account_9c221f93-e309-4516-998a-22e6a8feb178
117	owner_account_f6af8b61-a652-4833-b0cf-3ed1fa7a0c65
118	owner_account_81800bc1-39b7-4b6e-9b03-0041f3fada69
119	owner_account_8f21f601-6135-4139-8181-91bcc453a7dd
120	owner_account_03d073f4-e6ca-4a68-8211-3e4185d8e44a
121	owner_account_5313232a-7f9c-4665-94a8-8730c728adf7
122	owner_account_59418a4f-9ca8-45ad-8d43-6afc61ff51ee
123	owner_account_e8bc66a3-f306-4a1f-a32d-0d1e102b857f
124	owner_account_cc34adb1-99b5-47be-bc9c-d95f0d1f8f87
\.


--
-- Data for Name: django_content_type; Type: TABLE DATA; Schema: public; Owner: -
--

COPY public.django_content_type (id, app_label, model) FROM stdin;
1	admin	logentry
2	auth	permission
3	auth	group
4	contenttypes	contenttype
5	sessions	session
6	core	user
7	core	address
8	authtoken	token
9	frontend_api	account
10	frontend_api	adminuserpermission
11	frontend_api	company
12	frontend_api	shareholder
13	frontend_api	subuserpermission
14	frontend_api	adminuseraccount
15	frontend_api	subuseraccount
16	frontend_api	useraccount
17	guardian	groupobjectpermission
18	guardian	userobjectpermission
\.


--
-- Data for Name: auth_permission; Type: TABLE DATA; Schema: public; Owner: -
--

COPY public.auth_permission (id, name, content_type_id, codename) FROM stdin;
1	Can add log entry	1	add_logentry
2	Can change log entry	1	change_logentry
3	Can delete log entry	1	delete_logentry
4	Can view log entry	1	view_logentry
5	Can add permission	2	add_permission
6	Can change permission	2	change_permission
7	Can delete permission	2	delete_permission
8	Can view permission	2	view_permission
9	Can add group	3	add_group
10	Can change group	3	change_group
11	Can delete group	3	delete_group
12	Can view group	3	view_group
13	Can add content type	4	add_contenttype
14	Can change content type	4	change_contenttype
15	Can delete content type	4	delete_contenttype
16	Can view content type	4	view_contenttype
17	Can add session	5	add_session
18	Can change session	5	change_session
19	Can delete session	5	delete_session
20	Can view session	5	view_session
21	Can add user	6	add_user
22	Can change user	6	change_user
23	Can delete user	6	delete_user
24	Can view user	6	view_user
25	Can add address	7	add_address
26	Can change address	7	change_address
27	Can delete address	7	delete_address
28	Can view address	7	view_address
29	Can add Token	8	add_token
30	Can change Token	8	change_token
31	Can delete Token	8	delete_token
32	Can view Token	8	view_token
33	Can add account	9	add_account
34	Can change account	9	change_account
35	Can delete account	9	delete_account
36	Can view account	9	view_account
37	Can add admin user permission	10	add_adminuserpermission
38	Can change admin user permission	10	change_adminuserpermission
39	Can delete admin user permission	10	delete_adminuserpermission
40	Can view admin user permission	10	view_adminuserpermission
41	Can add company	11	add_company
42	Can change company	11	change_company
43	Can delete company	11	delete_company
44	Can view company	11	view_company
45	Can add shareholder	12	add_shareholder
46	Can change shareholder	12	change_shareholder
47	Can delete shareholder	12	delete_shareholder
48	Can view shareholder	12	view_shareholder
49	Can add sub user permission	13	add_subuserpermission
50	Can change sub user permission	13	change_subuserpermission
51	Can delete sub user permission	13	delete_subuserpermission
52	Can view sub user permission	13	view_subuserpermission
53	Can add admin user account	14	add_adminuseraccount
54	Can change admin user account	14	change_adminuseraccount
55	Can delete admin user account	14	delete_adminuseraccount
56	Can view admin user account	14	view_adminuseraccount
57	Admin account access	14	admin_account_access
58	Admin group account access	14	admin_group_account_access
59	Manage admins	14	manage_admin_user
60	Manage tax	14	manage_tax
61	Manage fee	14	manage_fee
62	Login as user	14	login_as_user
63	Can add sub user account	15	add_subuseraccount
64	Can change sub user account	15	change_subuseraccount
65	Can delete sub user account	15	delete_subuseraccount
66	Can view sub user account	15	view_subuseraccount
67	Can add user account	16	add_useraccount
68	Can change user account	16	change_useraccount
69	Can delete user account	16	delete_useraccount
70	Can view user account	16	view_useraccount
71	Account owner	16	owner_access
72	Owner account access	16	owner_account_access
73	Owner group account access	16	owner_group_account_access
74	Sud user account access	16	sub_user_account_access
75	Sud user group account access	16	sub_user_group_account_access
76	Manage sub-users	16	manage_sub_user
77	Manage funding sources	16	manage_funding_sources
78	Manage unload accounts	16	manage_unload_accounts
79	Manage contract	16	manage_contract
80	Can add group object permission	17	add_groupobjectpermission
81	Can change group object permission	17	change_groupobjectpermission
82	Can delete group object permission	17	delete_groupobjectpermission
83	Can view group object permission	17	view_groupobjectpermission
84	Can add user object permission	18	add_userobjectpermission
85	Can change user object permission	18	change_userobjectpermission
86	Can delete user object permission	18	delete_userobjectpermission
87	Can view user object permission	18	view_userobjectpermission
88	Login as user	14	can_login_as_user
\.


--
-- Data for Name: auth_group_permissions; Type: TABLE DATA; Schema: public; Owner: -
--

COPY public.auth_group_permissions (id, group_id, permission_id) FROM stdin;
\.


--
-- Data for Name: core_address; Type: TABLE DATA; Schema: public; Owner: -
--

COPY public.core_address (id, created_at, updated_at, address, country, address_line_1, address_line_2, city, locality, postcode, address_line_3) FROM stdin;
bac0b2a2-de5e-48ef-b70a-9b414e841d1d	2019-03-04 08:55:13.624354+00	2019-03-04 08:55:13.624376+00		\N						
560063b2-d5ff-479c-bd17-856dfb511c91	2019-03-04 11:29:33.899933+00	2019-03-04 11:38:56.794381+00	Quwwatul Education Centre, Peel Hall Street	GB	Quwwatul Education Centre	Peel Hall Street	Preston	Lancashire	PR1 6QQ	
426c045f-9d17-4dcf-9bc7-9bfe86d1daaf	2019-03-12 07:00:19.373249+00	2019-03-12 11:13:58.430874+00	Other address	GB	ewegweg	wegweg	wegweg	ewefwgeg	wegw	
11683c0d-82ec-486e-89ca-156fd3789967	2019-03-04 13:18:45.839368+00	2019-03-04 13:18:45.839385+00		\N						
6475cec0-dc5b-4f93-b3ce-8709dffd1b1b	2019-03-04 14:08:44.792+00	2019-03-04 14:08:44.79202+00		\N						
b130533f-92b9-489e-90aa-a717fd84e0a4	2019-03-04 14:14:53.328945+00	2019-03-04 14:14:53.328962+00		\N						
69d5745a-63f1-4c22-8796-18b9a8e6bf21	2019-03-04 15:03:37.888539+00	2019-03-04 15:03:37.888559+00		\N						
6c957634-f2a0-4057-a744-1b1dd65245fd	2019-03-04 15:03:37.893967+00	2019-03-04 15:03:37.893981+00		\N						
3faac7c1-02df-42ed-85f9-35c40671ebcb	2019-03-12 12:38:38.605677+00	2019-03-12 12:38:38.605691+00		\N						
9b4cc671-965e-4cda-8712-869b67da4fe4	2019-03-14 18:14:50.038897+00	2019-03-14 18:14:50.039042+00		\N						
0cf9cd28-3111-48d5-af5f-93d49bbf360c	2019-03-12 12:38:38.600212+00	2019-03-12 12:39:35.561652+00		UA						
9e799a8d-9a82-43b3-8d0a-01d05ff248cc	2019-03-12 13:41:16.64732+00	2019-03-12 13:41:16.647337+00		\N						
0e25c473-6a8e-4e43-af93-957359eecc1a	2019-03-12 13:41:37.765865+00	2019-03-12 13:41:37.76588+00		\N						
e994853c-cc45-465f-b745-eb0554b64f11	2019-03-12 14:00:07.472882+00	2019-03-12 14:00:07.4729+00		\N						
59f12ef4-6037-4da4-91d2-2090f73a0268	2019-03-12 14:00:39.789285+00	2019-03-12 14:00:39.789302+00		\N						
136cbf9f-3057-413e-b027-77c9fa21a18b	2019-03-05 11:01:41.581683+00	2019-03-05 11:31:58.50175+00	S A F A Food 1 Ltd, Unit 3, Hayes Metro Centre Springfield Road	GB	Unit 3	Hayes Metro Centre	Hayes	Hillingdon	UB4 0LE	
5c452d9c-8a6e-4c04-a63c-a71c0ece3c1e	2019-03-05 11:01:41.576559+00	2019-03-05 11:41:49.719383+00	S S A Z International Ltd, 92 Merrion Avenue	GB	92 Merrion Avenue		Stanmore	Harrow	HA7 4RU	
1087a9ae-458d-4001-803b-079b0ffcc8cb	2019-03-12 14:01:05.821633+00	2019-03-12 14:01:05.821655+00		\N						
1889a530-ecb9-4cd3-b166-946b7cc75201	2019-03-12 16:26:02.078681+00	2019-03-12 16:26:02.078706+00		\N						
9c64d4d1-4984-4343-9587-020d477464f7	2019-03-06 10:50:44.593622+00	2019-03-06 11:54:30.336718+00	Other address	GB	13 Claremont Road	West Kirby	Wirral	Wirral	CH48 5EA	
00977098-2f50-4451-b40a-a8db8f8c0412	2019-03-13 10:36:46.206099+00	2019-03-13 10:36:46.206115+00		\N						
9c160ceb-f9f2-4a42-b7a9-37e3b4b16689	2019-03-06 10:50:44.600018+00	2019-03-06 12:32:03.707843+00	A S F Fabrications, Burrough Road	GB	Burrough Road	Great Dalby	Melton Mowbray	Leicestershire	LE14 2EP	
a5fe1875-8ba3-4be7-9a57-db27d5639a7e	2019-03-13 12:00:15.037872+00	2019-03-13 12:00:15.037885+00		\N						
8a6d5e43-0caa-455d-96af-6201dc3d7bde	2019-03-06 15:04:39.833342+00	2019-03-06 15:13:14.455744+00	14 Portland House, Station Road	GB	14 Portland House	Station Road	Gerrards Cross	Buckinghamshire	SL9 8FQ	
09079b5a-f71a-42a3-94b5-d25f8a65da82	2019-03-13 12:00:15.026929+00	2019-03-13 12:00:57.226475+00	Other address	UA	qwe	qwe	qwe	qwe	qwe	
9323450e-6cb5-4088-8505-e507043e9e0d	2019-03-07 08:17:51.050331+00	2019-03-07 08:24:22.541843+00		GB						
538593a2-90b7-43db-af14-7eece8a2fd5b	2019-03-11 09:12:39.909507+00	2019-03-11 09:12:39.909523+00		\N						
4a6f4437-40a0-47be-b4ed-56ebe6964c03	2019-03-05 13:59:43.152476+00	2019-03-05 15:46:40.08593+00		UA						
50d6b25e-6ac4-4330-bb58-e933ecba6d27	2019-03-11 09:51:08.714257+00	2019-03-11 09:51:08.714276+00		\N						
5e3904b4-1bae-4a89-9887-e6866e8ac367	2019-03-11 10:16:15.945689+00	2019-03-11 10:16:15.945705+00		\N						
6d09c8b4-2eea-4998-bbef-1c799bfbfc62	2019-02-08 09:31:42.669164+00	2019-02-08 09:33:17.960184+00	Haziko, Boggs Road		Haziko	Boggs Road	Tranent	East Lothian	EH34 5AZ	
afe228a6-2839-4b7e-b3d5-1b7fabe49aa0	2019-02-08 09:57:52.718821+00	2019-02-08 09:57:52.718838+00								
83e19602-d865-4775-8d74-8ed597cc715d	2019-02-08 09:50:59.466701+00	2019-02-08 11:13:20.504543+00	M S Duggal Ltd, Argyll House 1A, All Saints Passage Wandsworth High Street		Argyll House	1A All Saints Passage	London	Wandsworth	SW18 1EP	
4e66697d-52f2-4653-a753-e95db9393103	2019-02-08 13:38:12.558098+00	2019-02-08 13:40:11.010517+00	D S V Solutions Ltd, 11 Haw Road		11 Haw Road		Londonderry	Northern Ireland	BT47 6XT	
e241b914-bcd1-4184-a72a-79b87a721436	2019-02-08 13:38:12.567644+00	2019-02-08 13:40:52.959425+00	W D S Wholesale Ltd, Unit 6, Redstone Industrial Estate, Marsh Close		Unit 6	Redstone Industrial Estate	Sandown	Isle of Wight	PO36 8EU	
a00582e3-5df7-4007-9e3b-afa76d4deab2	2019-02-08 13:48:51.165144+00	2019-02-08 13:49:35.701355+00	D F D Contracts, Massford Lodge, 129 Rathfriland Road		Massford Lodge	129 Rathfriland Road	Dromore	Northern Ireland	BT25 2EE	
4e93282f-93fd-4333-8ab9-54793e170e54	2019-02-08 13:48:51.171306+00	2019-02-08 13:49:48.401575+00	D F S, Unit 3, Forbury Retail Park, Forbury Road		Unit 3	Forbury Retail Park	Reading	Reading	RG1 3JD	
3e9eb5f9-b599-42c4-9428-0829fbf6ec6e	2019-02-08 13:58:27.989781+00	2019-02-08 13:58:27.989795+00								
9ca88983-9b10-4dd6-94a2-729d61d184e6	2019-02-08 14:36:53.5766+00	2019-02-08 14:36:53.576618+00								
12f82c3f-af83-4224-b944-c7210b65d90b	2019-02-11 08:01:38.670271+00	2019-02-11 08:01:38.670289+00								
e16e8f44-0a76-46c6-a614-c7168c5c935e	2019-02-12 09:25:49.631161+00	2019-02-12 09:26:20.327365+00	Omex, Saddlebow Road		Saddlebow Road	Saddlebow	King's Lynn	Norfolk	PE34 3AG	
d28ad885-0f3e-4ad7-b700-484aa8bc54ae	2019-02-19 06:34:24.779846+00	2019-02-19 06:34:24.779862+00								
84f04ce0-5877-4a4c-a1fb-2c12b103ff76	2019-02-19 06:40:22.567918+00	2019-02-19 06:40:22.567934+00								
20e324f3-2d4e-44c7-93f4-f109e6a01f4a	2019-02-19 08:25:30.241034+00	2019-02-19 08:25:30.24105+00								
01b7b869-78a0-43fe-a543-6cdbef1837c3	2019-02-19 08:29:45.597969+00	2019-02-19 08:29:45.597987+00								
959caedf-da8e-43ee-b409-7c9155a4a8c8	2019-02-13 14:59:05.559675+00	2019-02-13 14:59:05.559692+00								
f2cd1a98-dc3e-4cd8-b7e0-51769a4e9537	2019-02-14 15:51:34.999759+00	2019-02-14 15:51:34.999774+00								
446e42b2-38e4-4e91-add2-a97419e4d8fb	2019-02-14 16:00:24.995195+00	2019-02-14 16:00:24.995211+00								
53d4e655-eb51-4c62-94dc-0994fb61684a	2019-02-15 11:05:17.45662+00	2019-02-15 11:05:17.456659+00								
fde208c3-91f9-4549-8bb3-406aab289db2	2019-02-15 12:01:47.91966+00	2019-02-15 12:01:47.919711+00								
1a4a16f8-049a-40b6-ac41-f11fa8ca3449	2019-02-15 14:31:05.952148+00	2019-02-15 14:31:05.952164+00								
c14030bc-f11e-41e8-a6ad-98b315984605	2019-03-11 12:26:34.628196+00	2019-03-11 12:40:00.749043+00		UA						
1c69d539-eb87-4419-b357-7831b8449e07	2019-03-07 13:31:03.374469+00	2019-03-14 14:51:59.498324+00	Saswick House Farm, Roseacre Road	GB	Saswick House Farm	Roseacre Road	Preston	Lancashire	PR4 3XD	
dfe3cb90-1ca5-4602-823e-aa6a360d6b93	2019-03-13 15:12:32.492364+00	2019-03-13 15:16:07.946108+00	14 Portland House, Station Road	GB	14 Portland House	Station Road	Gerrards Cross	Buckinghamshire	SL9 8FQ	
0fd51c7c-1ecb-4bf2-9f37-a466d43c3d6e	2019-02-12 09:55:37.812261+00	2019-03-04 06:28:09.360476+00	Other address	UA	asdsadasd		asd	asfas	asd	
e1cbd14f-d6ba-4bef-8243-9fb6231cf260	2019-03-12 07:00:19.365808+00	2019-03-12 07:03:55.490128+00		GB						
d987d43f-2aa0-4737-8e91-d8760702813c	2019-03-14 14:57:54.21921+00	2019-03-14 14:57:54.219226+00		\N						
5e1bbde3-8ecf-4cdd-a36d-e2052f596cad	2019-03-14 12:43:48.853873+00	2019-03-14 12:43:48.853887+00		\N						
7cb36715-67f3-4340-b1b6-c8aa1673d1a1	2019-03-14 12:43:48.84847+00	2019-03-14 12:44:08.141083+00		UA						
7900b36b-2556-4985-85aa-6cbb69f59263	2019-03-14 12:52:16.448225+00	2019-03-14 12:53:09.675629+00	Other address	UA	qwrqwr	efwegwg	wegweg	efweg	rgweeg	
760946ad-6808-458d-adf0-c954dfa3c90f	2019-03-14 15:29:25.974786+00	2019-03-14 15:29:25.974803+00		\N						
6a331cb1-8411-41bb-b219-ff96074c7d8c	2019-03-14 16:10:39.652779+00	2019-03-14 16:10:39.652795+00		\N						
fa33e866-bfb1-4716-b536-a21f9bbb0597	2019-03-14 18:21:20.78775+00	2019-03-14 18:21:20.787766+00		\N						
4386bd50-a1b9-4abe-9451-e38fd8571280	2019-03-14 16:16:01.407965+00	2019-03-14 16:16:01.407984+00		\N						
29e34bbe-a4a8-4875-9aeb-1a4c80d98317	2019-03-14 17:25:24.397891+00	2019-03-14 17:25:24.397907+00		\N						
86227b28-7f29-48d7-8b14-ef70857de23a	2019-03-14 17:28:42.52447+00	2019-03-14 17:28:42.524487+00		\N						
f76444dc-56f0-450c-9024-ad3dea8a233c	2019-03-14 17:31:57.917974+00	2019-03-14 17:31:57.917992+00		\N						
6b088fd1-1e5c-42aa-b913-bac160c1e03f	2019-03-14 17:36:37.759221+00	2019-03-14 17:36:37.759237+00		\N						
3e589203-60e4-429c-8022-ebbf435de724	2019-03-14 17:39:15.025762+00	2019-03-14 17:39:15.02578+00		\N						
632ee427-e907-4598-bb8b-db38360f3d02	2019-03-14 18:11:46.079994+00	2019-03-14 18:11:46.080728+00		\N						
5d7ee891-8a82-4d3a-90bc-d78759ad2d63	2019-03-15 12:20:56.601135+00	2019-03-15 12:20:56.601152+00		\N						
856dbf0f-7d75-4491-9609-749491aa0522	2019-03-25 12:00:25.661258+00	2019-03-25 12:00:25.661276+00		\N						
1bb21ef4-5d20-4b73-9056-5bd21332f14a	2019-03-27 09:47:22.481584+00	2019-03-27 09:47:22.481606+00		\N						
d8c51e45-cd75-439d-94e8-18567fbea470	2019-03-27 11:27:21.860014+00	2019-03-27 11:27:55.987255+00	East Steading	GB	East Steading	Ogle	Newcastle upon Tyne	Northumberland	NE20 0AS	
399e4042-e073-4831-8327-625abff5eda6	2019-03-27 11:27:21.865228+00	2019-03-27 11:28:19.493446+00	S D A, Unit C5, Nevil Shute Road	GB	Unit C5	Nevil Shute Road	Portsmouth	Portsmouth	PO3 5RX	
e91fcc79-9397-4b74-afdd-7ea5878b7ea0	2019-03-27 12:17:52.574863+00	2019-03-27 12:17:52.574879+00		\N						
55b84742-8662-425c-9858-2e256acc8bdb	2019-03-27 09:47:22.487013+00	2019-03-27 12:24:15.500943+00	A S D, Copthall House, 1 New Road	GB	Copthall House	1 New Road	Stourbridge	Dudley	DY8 1PH	
10c88ef9-51ec-4dee-835d-d4d348207c0d	2019-03-27 14:52:00.27027+00	2019-03-27 14:52:00.270298+00		\N						
0b9e7aa5-a999-4be8-8c0c-5502e5d591cc	2019-03-27 15:54:11.387441+00	2019-03-27 15:54:11.387462+00		\N						
0ea05247-acba-4707-befa-2a6246030c7f	2019-02-15 14:32:57.363652+00	2019-02-15 14:32:57.363667+00								
13e783c4-997e-4734-bedb-3f42ab2f46be	2019-02-18 07:00:52.233538+00	2019-02-18 07:00:52.233555+00								
6a7323cc-68de-4987-8cd2-4ddacade1f33	2019-02-18 07:21:23.791526+00	2019-02-18 07:21:23.791559+00								
a98e8c1c-a36b-40be-ba78-d6da93b43eba	2019-02-18 07:23:23.402893+00	2019-02-18 07:23:23.402946+00								
9921f950-57d9-4152-a5d4-ec089c7530e3	2019-02-12 09:34:24.054161+00	2019-02-18 08:04:04.948955+00	Add One, Po Box 7993		Po Box 7993		Irvine	North Ayrshire	KA11 2YF	
31d5e5f5-722c-497e-a0a2-832744f87818	2019-02-18 08:21:53.417824+00	2019-02-18 08:21:53.417842+00								
d8e76780-7455-43ba-9f32-f038d602e3af	2019-02-18 09:14:15.947715+00	2019-02-18 09:14:15.947768+00								
306b1436-5df2-4bea-a446-98616f7bd7bc	2019-02-18 11:29:33.996664+00	2019-02-18 11:29:33.996718+00								
c73dad44-9157-4669-8cc2-6610ca70a00f	2019-02-18 11:30:28.817975+00	2019-02-18 11:30:28.818015+00								
9b2e0920-2607-41e2-8a89-d621de168917	2019-02-18 11:38:33.774607+00	2019-02-18 11:38:33.774662+00								
2ff37e30-e468-4648-9e5b-27908baf3209	2019-02-18 11:39:58.675968+00	2019-02-18 11:39:58.676008+00								
cf674369-8ebb-43c8-8c7d-d1bccf76cdcb	2019-02-18 11:41:25.638192+00	2019-02-18 11:41:25.638246+00								
abca2a38-4b69-4880-86fa-b45fdd166f5c	2019-02-18 11:45:11.782151+00	2019-02-18 11:45:11.782315+00								
bd978942-4ebf-4783-8547-f604e7bcd464	2019-02-18 11:46:24.735994+00	2019-02-18 11:46:24.736047+00								
15f87983-c328-4f7b-87a5-aeed09aa0676	2019-02-18 11:48:28.345934+00	2019-02-18 11:48:28.345966+00								
296b6cd3-2932-4e76-8d2b-075c601284da	2019-02-18 12:40:59.944617+00	2019-02-18 12:40:59.944671+00								
2ae1ff05-0938-4f8d-a39c-829084d064c8	2019-02-18 12:41:43.10267+00	2019-02-18 12:41:43.10271+00								
eedd1b0a-1869-4caf-8589-2f177c6a4274	2019-02-18 12:42:21.235576+00	2019-02-18 12:42:21.23563+00								
82ec3186-fa3c-47ef-8c1a-809aae1753d2	2019-02-18 12:44:48.428542+00	2019-02-18 12:44:48.428596+00								
008312c4-5fdf-4a47-bcba-106ddfa6a0f7	2019-02-18 12:46:42.43919+00	2019-02-18 12:46:42.439244+00								
74041552-ee8e-4711-86c9-0d7c06d41e48	2019-02-18 12:47:17.906051+00	2019-02-18 12:47:17.906105+00								
d50fb52e-3f4e-4091-9272-579a828ef8a0	2019-02-18 12:47:54.992251+00	2019-02-18 12:47:54.992287+00								
29cb35d8-673d-48b1-b065-e5df92236618	2019-02-18 12:48:14.66311+00	2019-02-18 12:48:14.663164+00								
56a03df5-e855-4830-970e-6f0811433364	2019-02-18 12:49:52.433359+00	2019-02-18 12:49:52.433414+00								
5ac03124-6495-40ba-b33e-fb2171ae278d	2019-02-18 12:50:15.434345+00	2019-02-18 12:50:15.434398+00								
dc9f6e14-ba20-4d3f-b1b8-6b223e71764a	2019-02-18 12:52:21.32058+00	2019-02-18 12:52:21.320633+00								
226435c0-3e92-4946-b0c6-d9a09c6f029a	2019-02-18 12:53:09.919133+00	2019-02-18 12:53:09.919169+00								
9ebd2aba-10d7-468f-bd86-cefa19f74136	2019-02-18 12:56:51.389091+00	2019-02-18 12:56:51.389123+00								
8552ef1e-d03a-43a5-82dd-1191d47f3bc4	2019-02-18 12:59:08.737485+00	2019-02-18 12:59:08.737537+00								
31dcc4ce-f551-48f5-935c-4511919eac41	2019-02-18 12:59:56.359761+00	2019-02-18 12:59:56.359815+00								
9cf00730-4ced-49a1-9be8-11fa7b410322	2019-02-18 13:01:28.037921+00	2019-02-18 13:01:28.037961+00								
7923c579-a546-41ba-9adf-4d77e3317969	2019-02-18 13:02:51.556292+00	2019-02-18 13:02:51.556332+00								
392b4204-16f0-4c75-8bef-3d68e63ec662	2019-02-18 13:13:29.844323+00	2019-02-18 13:13:29.844376+00								
df3dc95d-9306-4721-8b1c-761680c76dd4	2019-02-18 13:13:52.641366+00	2019-02-18 13:13:52.64142+00								
b229ed61-74ab-4d98-8710-b8eee20c1b01	2019-02-18 13:15:00.500966+00	2019-02-18 13:15:00.501021+00								
c2805088-cced-498d-b83c-0bf287ad2ae9	2019-02-18 13:15:31.567578+00	2019-02-18 13:15:31.56761+00								
0e2d3e40-cb91-4a99-8359-f99d62157953	2019-02-18 13:18:32.10702+00	2019-02-18 13:18:32.107052+00								
97ac4d9d-fe61-45e6-93b3-20455b755d76	2019-02-18 13:19:42.624979+00	2019-02-18 13:19:42.625014+00								
8cec7181-32ec-4d69-a584-dfe346ad8f94	2019-02-18 14:39:04.060442+00	2019-02-18 14:39:04.060497+00								
a830ec1e-f5c7-4cf9-9f3c-af4b3312db13	2019-02-18 14:38:57.175244+00	2019-02-18 14:40:29.929592+00	Ukraine Club, 99 Castle Street		99 Castle Street		Bolton	Bolton	BL2 1JP	
ae25dc64-9f32-450b-a562-6915cbd9320b	2019-02-20 13:02:33.946906+00	2019-02-20 13:02:33.946922+00		\N						
2585c438-81bc-4fef-8a30-1b4fe0434c61	2019-02-20 13:06:07.835071+00	2019-02-20 13:06:07.835086+00		\N						
5b691788-a156-4bb6-8069-a9551afc0b43	2019-03-07 09:23:35.585795+00	2019-03-07 09:23:35.585811+00		\N						
c7962483-2463-4576-aa59-85a48263359d	2019-03-11 09:06:30.910505+00	2019-03-11 09:06:30.91052+00		\N						
c9fb4e69-2f1f-4099-981f-46840aa2574b	2019-02-20 13:22:42.026877+00	2019-02-20 13:22:42.026894+00		\N						
3b483b54-f822-4c49-94db-7b8deba79443	2019-03-01 15:56:27.436218+00	2019-04-08 12:50:21.124773+00	W R Refrigeration, 4 Woolram Wygate	GB	4 Woolram Wygate		Spalding	Lincolnshire	PE11 1NX	
72a7ab1a-9aea-44bd-8550-54a52374f367	2019-02-20 14:30:21.083909+00	2019-02-20 14:30:21.083926+00		\N						
775552b6-ddac-439d-90aa-999d983485d5	2019-02-21 07:30:02.150757+00	2019-02-21 07:30:02.15078+00		\N						
a2d03d3d-2abe-4a06-9ba0-86cdd3ac84b1	2019-02-21 09:22:26.764282+00	2019-02-21 09:22:26.764299+00		\N						
42944b05-c6a5-4316-9a33-e7f871581bbe	2019-02-21 09:22:39.224423+00	2019-02-21 09:22:39.22444+00		\N						
2c27fd69-f625-47b2-aef5-48289c1de351	2019-02-21 09:22:56.745458+00	2019-02-21 09:22:56.745474+00		\N						
766ebee6-f3d8-41dd-a3b6-75d6cab79715	2019-02-21 09:23:08.567731+00	2019-02-21 09:23:08.567747+00		\N						
0ec3e617-dba5-44d2-977a-8c27f3cd2aec	2019-02-21 09:23:25.595038+00	2019-02-21 09:23:25.595071+00		\N						
a9cb72b8-851a-4989-b327-1db2627469ec	2019-02-21 09:23:38.449104+00	2019-02-21 09:23:38.449122+00		\N						
96a95f17-61a5-4081-abec-e2fb1e7a73ec	2019-02-21 09:24:08.877268+00	2019-02-21 09:24:08.877286+00		\N						
156e48f7-aaff-4cff-8a67-f9d2a2aeda1b	2019-02-21 09:24:40.660917+00	2019-02-21 09:24:40.660933+00		\N						
0a51f58b-e466-4819-a0b2-a3b5183a5e56	2019-02-21 09:25:00.761302+00	2019-02-21 09:25:00.761319+00		\N						
18367457-db2d-42e1-91b3-cfecc417479f	2019-02-21 09:37:06.924222+00	2019-02-21 09:37:06.924239+00		\N						
70de8d7c-f73e-4bb7-bbd1-47229361e8cd	2019-02-21 09:37:34.081695+00	2019-02-21 09:37:34.08171+00		\N						
c65f90f6-1556-40ec-ac9f-7d6d528b30f0	2019-02-21 09:44:37.245255+00	2019-02-21 09:44:37.245273+00		\N						
b00f6d90-1996-46f8-8012-4151ccd17e85	2019-02-21 09:56:44.064709+00	2019-02-21 09:56:44.064725+00		\N						
e3680d56-4d2e-4a7d-a1be-b0efd13a3bd7	2019-02-21 09:57:34.906071+00	2019-02-21 09:57:34.906087+00		\N						
a8157653-1f22-442e-9d49-d764bc70a26b	2019-02-21 10:26:54.632957+00	2019-02-21 10:26:54.632972+00		\N						
8c4d1073-76de-4e27-a0dd-2471abcd2d6c	2019-02-21 10:27:18.239244+00	2019-02-21 10:27:18.23926+00		\N						
0c0605c0-bc90-4707-a2a4-2c91b662a104	2019-02-21 12:23:16.660759+00	2019-02-21 12:23:16.660776+00		\N						
58c48f06-1bf6-4529-a4e2-b4b234e3669e	2019-02-22 07:11:30.113513+00	2019-02-22 07:11:30.113529+00		\N						
c9deca2a-6553-464c-8f88-d47cd4fa0aa7	2019-02-22 07:35:46.054906+00	2019-02-22 07:35:46.054923+00		\N						
2392c5cf-1560-49c1-88ab-d481e8f297e3	2019-02-22 07:47:23.882384+00	2019-02-22 07:47:23.8824+00		\N						
f0518798-2aa7-475e-abc1-cbc349378964	2019-02-22 07:50:25.054153+00	2019-02-22 07:50:25.05417+00		\N						
d876c3aa-dda4-4a7a-95cc-9d36133c49c8	2019-02-22 07:51:18.114774+00	2019-02-22 07:51:18.114791+00		\N						
b8c03faf-b6c2-4419-a200-7bb69058b969	2019-02-22 07:53:50.379963+00	2019-02-22 07:53:50.37998+00		\N						
1f02b9ab-6856-4507-b055-815524bf35da	2019-02-22 07:56:26.056716+00	2019-02-22 07:56:26.056731+00		\N						
b53f79ff-67a0-402d-b0b3-6e71fa24cb17	2019-02-22 07:59:19.42085+00	2019-02-22 07:59:19.420866+00		\N						
d01eceb3-956e-4bab-95e0-7c4c6d27a7e9	2019-02-22 08:03:50.56589+00	2019-02-22 08:03:50.565906+00		\N						
14652dbf-a320-4522-9498-be298724c452	2019-02-22 10:37:47.061451+00	2019-02-22 10:37:47.061468+00		\N						
60d1ee2f-962d-49ea-9aae-be69c5c9d98c	2019-02-22 10:42:17.378632+00	2019-02-22 10:42:17.378651+00		\N						
e04291a5-89a7-4ccd-98ce-571e9b5267ba	2019-02-22 10:45:01.789794+00	2019-02-22 10:45:01.789815+00		\N						
ae58c42a-8728-4e48-b9f5-5e0cc1456e23	2019-02-22 10:47:08.786407+00	2019-02-22 10:47:08.78644+00		\N						
2618483a-dc9e-4713-a91c-9669e69bc39e	2019-02-22 10:47:40.294628+00	2019-02-22 10:47:40.294646+00		\N						
b7b789a0-a1fc-4c80-b51e-afaf22de77d3	2019-02-22 10:48:48.405347+00	2019-02-22 10:48:48.405369+00		\N						
c6fc076c-79d9-4ec9-b2be-7f3a5228aa62	2019-02-22 13:41:34.905691+00	2019-02-22 13:41:34.905706+00		\N						
e76452ed-fc6a-4fc8-aa49-abd2298a8514	2019-02-22 15:08:18.818379+00	2019-02-22 15:08:18.818396+00		\N						
4ec04cdb-d803-45b9-b2d5-0b32174f1fc4	2019-02-22 15:09:56.382601+00	2019-02-22 15:09:56.382619+00		\N						
115b0b71-2293-4993-be6a-2e6dc39b7036	2019-02-22 20:02:02.134722+00	2019-02-22 20:02:02.134748+00		\N						
7b620310-49bd-4281-9190-98d39a9af9b3	2019-02-25 13:44:15.89637+00	2019-02-25 13:44:15.896388+00		\N						
4a935a20-5d1c-4dc1-8e8d-95aa1a5d1eea	2019-02-26 06:22:22.304798+00	2019-02-26 06:22:22.304818+00		\N						
e9cb12ba-5db9-4708-8440-62646240c5c4	2019-02-26 07:21:06.224149+00	2019-02-26 07:21:06.224167+00		\N						
8f5e134f-203f-4cf9-a90a-a9f54fc251c5	2019-02-26 07:21:06.229489+00	2019-02-26 07:21:06.229503+00		\N						
6de48290-6fc4-420f-895e-202f41c1650a	2019-02-26 08:31:18.478003+00	2019-02-26 08:31:18.47803+00		\N						
cf71d880-55c5-47cb-9eb5-7fc7309500ec	2019-02-27 09:16:42.73587+00	2019-02-27 09:16:42.735889+00		\N						
73f83037-eea5-46b6-91d5-29fa7e84aa9a	2019-02-28 15:15:15.740615+00	2019-04-03 09:44:09.072883+00		GB						
8013877e-de79-4ead-9a4a-48676166a2ad	2019-02-26 07:51:55.314571+00	2019-04-05 08:59:43.008785+00		UA						
49083a70-e93a-48e3-b426-d61d4083344e	2019-02-27 12:40:26.7262+00	2019-02-27 12:40:26.726217+00		\N						
d694da28-347b-4fa7-84e9-42310e997b50	2019-02-27 16:50:57.780166+00	2019-02-27 16:50:57.780189+00	wqe	GB	qwe	qwe	qwe	sagas	121212	
a4397b68-a969-4029-bf00-b317a24e6fa2	2019-02-27 16:51:16.092568+00	2019-02-27 16:51:16.092591+00	wqe	GB	qwe	qwe	qwe	sagas	121212	
14b392c9-9a2e-44bb-ad5b-a4c081ecb51b	2019-02-27 14:45:16.256908+00	2019-02-28 13:42:31.057497+00	Other address	UA	afsasf		qeefweg	ewgweg	efwf	
274d6597-6b07-4429-98a8-7ee80e43e20f	2019-03-01 09:04:56.536103+00	2019-03-01 12:37:10.446674+00	Other address	UA	asfasfasf		ewwef	ewwwe	efwe	
1c14d1db-ee5b-45bf-a90f-4557304db8b2	2019-03-01 14:39:04.003923+00	2019-03-01 14:41:11.162176+00	Other address	UA	sdfsfd		asdsadfdg	qweqwe	sdf	
55f79d00-2362-4b61-841c-d8e891de687f	2019-03-01 15:58:20.482918+00	2019-03-01 15:58:20.482935+00		\N						
dbe93f0c-c494-44f1-9c46-93f8fc9044fd	2019-03-01 18:03:07.307748+00	2019-03-01 18:03:07.307769+00		\N						
2fd98f56-a53a-4336-b317-c810184326d1	2019-03-01 18:03:51.724334+00	2019-03-01 18:03:51.724351+00		\N						
6ca2a39e-8d6c-4dcb-8dd8-f4ce27bc464e	2019-03-02 09:14:20.355355+00	2019-03-02 09:14:20.355373+00		\N						
2bc08894-f673-4b8b-a9df-702ec3c8f65f	2019-03-14 18:14:01.908343+00	2019-03-14 18:14:01.908416+00		\N						
1b901bc8-f14f-462b-9999-1a30613c8572	2019-03-02 13:32:13.46102+00	2019-03-02 13:34:21.079943+00	Other address	UA	ewrwer	wewer	werwer	ewrwer	qwwwerwer	
961e0263-1297-4008-9327-e78db17574a3	2019-03-02 20:23:41.93827+00	2019-03-02 20:25:34.093673+00	S D F Distribution Limited, 10 Acol Road	GB	10 Acol Road		London	Camden	NW6 3AH	
65f20ec2-7d1a-4cc9-a863-5d642475f686	2019-03-03 19:55:35.333679+00	2019-03-03 19:55:35.333698+00		\N						
7f57679d-ad90-4408-a3d2-450a547eed5d	2019-03-04 06:42:55.717112+00	2019-03-04 06:42:55.717133+00		\N						
eebd2e8c-e8c1-4088-a51a-6264de1bebc5	2019-03-06 15:25:31.369349+00	2019-03-07 08:11:52.528167+00	Asas Fee, Dolphin Street	GB	Asas Fee	Dolphin Street	Colyton	Devon	EX24 6NA	
bee59f28-69e0-42fe-8d97-d2a1534fbd5f	2019-03-07 09:52:37.671041+00	2019-03-07 09:52:37.671053+00		\N						
44c11e24-872c-4de5-a5e2-13e7b7270799	2019-03-14 18:18:56.814082+00	2019-03-14 18:18:56.814104+00		\N						
48ce41ae-5d00-4609-adb7-8464d45c02de	2019-03-15 09:02:04.515054+00	2019-03-15 09:02:04.515071+00		\N						
b36a6013-2f26-4b41-82b4-0593387756a3	2019-03-13 15:21:35.600707+00	2019-03-13 18:14:38.56549+00		UA						
522e1cac-c107-4d6d-91cd-304c336fce8a	2019-03-07 09:52:37.662821+00	2019-03-07 09:58:32.111897+00	Saas Fee, 5 Crabtree Hill	GB	Saas Fee	5 Crabtree Hill	Wetherby	Leeds	LS22 5AD	
057034cd-6151-43a9-ab69-3309440d7b33	2019-03-19 17:46:34.838546+00	2019-03-19 17:46:34.838566+00		\N						
6fcdd390-09d8-4374-9905-987881d95953	2019-03-29 13:11:29.889339+00	2019-03-29 13:11:29.889369+00		\N						
83bdcc3b-d837-4b6a-bfce-c867603f38aa	2019-03-11 09:11:09.048095+00	2019-03-11 09:11:09.048112+00		\N						
396b9e33-1cb6-4e59-b6c1-22ed9c86a175	2019-03-11 09:41:59.708688+00	2019-03-11 09:41:59.708706+00		\N						
c71689af-9dbd-4d92-b6f3-f81221af8e54	2019-03-05 13:42:43.257934+00	2019-03-05 13:42:43.257951+00		\N						
285d6877-23a6-426b-9d55-78457c7a6026	2019-03-11 09:51:37.118541+00	2019-03-11 09:51:37.118557+00		\N						
befcabf5-a1cc-4975-85ba-4f7b7e348853	2019-03-26 10:36:17.495828+00	2019-03-26 10:36:17.495845+00		\N						
15d0ce7e-b165-4f04-aa26-43d145ab6475	2019-03-11 11:25:18.643952+00	2019-03-11 11:25:18.643973+00		\N						
10287cd7-05b4-4e5c-852d-cdebef75d06e	2019-03-04 06:44:26.979035+00	2019-03-04 07:14:38.175689+00	Other address	UA	asfasf	fasf	aswafasf	asfa	assf	
054c662f-d67d-40fc-b688-23df1f5f0567	2019-03-04 06:44:26.973604+00	2019-03-04 07:21:22.973782+00	Other address	UA	wqeqwe	wqeqwe	wqeqwe	qweqwe	wqe	
118b3631-9ab8-47d9-89b8-af8f17ac220a	2019-03-04 10:52:35.996986+00	2019-03-04 10:52:35.996999+00		\N						
92c1a507-0c95-47dc-b9ab-fe56c7cdf1e9	2019-03-27 11:17:11.504055+00	2019-03-27 11:19:46.368643+00	32 Chaikovskogo street, appartament 21	UA	32 Chaikovskogo street, appartament 21		Nikolaev	Nikolaev	54018	
2545aeb4-d24e-4656-ae1c-b9c019301659	2019-03-27 11:17:11.509402+00	2019-03-27 11:20:30.794799+00	32 Chaikovskogo street, appartament 21	UA	32 Chaikovskogo street, appartament 21		Nikolaev	Nikolaev	54018	
5bf4bc9e-6036-4c49-aa88-e038caff9293	2019-03-27 12:08:38.595921+00	2019-03-27 12:08:38.595939+00		\N						
e4f7438b-66a6-4191-94b1-0e0b99941eaa	2019-03-27 12:08:38.601196+00	2019-03-27 12:08:38.60121+00		\N						
c3e7d06a-8340-4458-8acd-a3d13fdc9ca2	2019-03-04 10:52:35.99187+00	2019-03-04 11:16:44.543308+00		UA						
5991447f-050f-4c53-922a-f4fdedaa0633	2019-03-04 12:08:57.852721+00	2019-03-04 12:08:57.852736+00		\N						
09065ae3-3858-4423-86da-c54ae4425398	2019-03-04 13:14:45.717769+00	2019-03-04 13:14:45.717785+00		\N						
7e0f7ecd-3d32-4e90-83ed-27b1651e830f	2019-03-05 10:59:04.987842+00	2019-03-11 12:21:11.27259+00	Dodd Farm Cottage	GB	Dodd Farm Cottage	Monikie	Dundee	Angus	DD5 3QE	
8a8cbeb4-a854-4881-a4ca-8eee10d7d692	2019-03-04 13:19:43.631432+00	2019-03-04 14:08:07.661852+00	Other address	UA	asfasf	fsaf	asf	fsdf	afsaf	
c584e51e-0b05-4648-b650-1dad556cfe4c	2019-03-04 13:19:43.637082+00	2019-03-04 14:08:10.986401+00	Other address	UA	asd	sadassd	assf	asf	df	
e47a951a-90dd-49fc-8857-f35c803473de	2019-02-12 09:34:24.047334+00	2019-03-11 13:10:44.227193+00	Via Pompeo Litta	GB	School Close		Burgess Hill	West Sussex	RH15 9RX	
2d0ca1d9-b345-4471-82cc-6581a2556f10	2019-03-04 14:09:17.171587+00	2019-03-04 14:11:31.202912+00	Other address	UA	DAS	ASD	DSFSD	ADDFSDF	SF	
998b4673-10bf-4207-95fe-76e93297920e	2019-03-27 12:18:33.264718+00	2019-03-27 12:18:33.264741+00		\N						
30a64676-0a4e-4367-b300-8cdfe1f1d824	2019-03-27 15:51:23.618795+00	2019-03-27 15:51:23.618816+00		\N						
da60ec57-1ee7-4cf4-8a04-e0b478af49eb	2019-02-18 13:32:18.308084+00	2019-03-13 14:56:17.734586+00	14 Portland House, Station Road	GB	14 Portland House	Station Road	Gerrards Cross	Buckinghamshire	SL9 8FQ	
544b2476-a2d6-4333-96f0-1c41aeeee804	2019-03-05 07:12:54.359636+00	2019-03-05 07:12:54.359651+00		\N						
ec1e49e7-6666-43f3-b802-1a800b8998d4	2019-03-12 09:59:47.044032+00	2019-03-14 12:17:20.132124+00		GB						
74aaa060-7688-437f-b8e2-05639720f0cc	2019-03-12 13:40:20.887376+00	2019-03-12 13:40:20.887394+00		\N						
391a5f5a-efbc-499a-b900-b038f1c8ef03	2019-03-12 13:41:24.734262+00	2019-03-12 13:41:24.73428+00		\N						
703a9a2f-529a-498d-b4af-3e22a36a8ad9	2019-03-12 13:41:47.515244+00	2019-03-12 13:41:47.515262+00		\N						
a00fce9c-08a5-449c-b8b4-93c03fc307dc	2019-03-12 14:00:21.400493+00	2019-03-12 14:00:21.400509+00		\N						
84778cb4-c6d3-4dde-94cf-ec4cfce1b462	2019-03-12 14:00:51.229844+00	2019-03-12 14:00:51.229861+00		\N						
abcfb2b3-a780-4956-9680-3b4f68fb69db	2019-03-12 14:01:34.15353+00	2019-03-12 14:01:34.153549+00		\N						
2f326238-64c4-4a9b-bc9f-7770388f4f09	2019-03-05 10:59:04.993629+00	2019-03-05 13:15:31.916169+00	Gew House, Gew Terrace	GB	Gew House	Gew Terrace	Redruth	Cornwall	TR15 1PG	
d3227dd0-fd28-40c5-b9bb-db3c5428350b	2019-03-04 14:09:17.165559+00	2019-03-12 14:24:57.975307+00		GB						
f493c0d3-996e-4580-8f8a-6b1eaabeb04a	2019-03-29 13:11:29.894785+00	2019-03-29 13:11:29.894799+00		\N						
9a822fcf-2f22-4e6a-9ce2-8c8f5225f833	2019-03-28 13:18:15.661186+00	2019-03-28 13:18:15.661201+00		\N						
4b30079c-5fe9-4da4-9562-f19a578ce094	2019-03-29 13:12:15.979453+00	2019-03-29 13:12:15.979477+00		\N						
a19944d2-c8f2-401f-82f9-8372475fccd1	2019-03-28 13:51:43.625846+00	2019-03-28 13:51:43.625865+00		\N						
e9744f11-da9b-4858-9227-0fbe4f75e8a2	2019-03-29 09:03:35.667817+00	2019-04-04 08:37:37.097587+00	27 Merry Lane NP000168885	UA	27 Merry Lane NP000168885		East Hanover	East Hanover	07936	
04fdd095-45b4-4428-af2d-e7729a5c8d1a	2019-03-13 06:53:08.514934+00	2019-03-13 07:00:30.13643+00		GB						
d3f84cc6-7d45-419f-a4d5-db6b07e350e4	2019-03-13 10:37:29.286955+00	2019-03-13 10:37:29.286971+00		\N						
696db580-88e6-42ed-9704-83c66c96e981	2019-03-14 12:44:48.015061+00	2019-03-14 12:51:47.492728+00	Other address	UA	qweqwe		wqdqwd	qwd	qwqwf	
ef3f4ec1-7d7c-4b66-9e63-4fe4e8e84344	2019-03-14 12:53:31.892373+00	2019-03-14 12:55:17.296325+00	Other address	UA	wqwfqwf	wwfwqf	wwfq	qwfqwf	wqf	
7556e22a-cff1-4948-9e41-d690b6dab1d3	2019-03-14 15:21:06.618126+00	2019-03-14 15:21:06.618144+00		\N						
377e1e74-e268-4483-b5a4-c1304154a49e	2019-03-14 16:08:42.858894+00	2019-03-14 16:08:42.85891+00		\N						
a2b20477-bf5f-4093-a86c-b1e0d2615168	2019-03-14 16:12:26.17115+00	2019-03-14 16:12:26.171166+00		\N						
9fb0205b-e4c6-480e-b85c-b47029154090	2019-03-14 17:22:16.491114+00	2019-03-14 17:22:16.491131+00		\N						
fd0163a5-604d-4e99-b8b5-bac2080deb4f	2019-03-14 17:26:12.960588+00	2019-03-14 17:26:12.960608+00		\N						
ef55bc6e-2af2-4cfc-b7c9-ac593082357c	2019-03-14 17:30:10.474379+00	2019-03-14 17:30:10.474396+00		\N						
f36a6fc0-9842-4f26-902a-107db30a6fa9	2019-03-14 17:33:56.814489+00	2019-03-14 17:33:56.814504+00		\N						
45874d6c-8b34-44d3-b742-e109fa7fd42a	2019-03-14 17:37:42.016988+00	2019-03-14 17:37:42.017007+00		\N						
c41e0809-46f3-4be9-b017-5f3c1feac8a4	2019-03-14 18:01:25.233415+00	2019-03-14 18:01:25.233432+00		\N						
6c6f323d-b762-471a-a718-60b4985c6e90	2019-03-01 12:38:23.350755+00	2019-04-08 07:47:28.920265+00	Asskasweg	DE	Asskasweg		Ringe	Niedersachsen	49824	
c330cefd-7610-4503-85e4-ad739a2ccad6	2019-03-27 15:54:11.392839+00	2019-03-29 09:13:29.678776+00	Other address	GB	aasdasd	I E S Centre	Newton Aycliffe	County Durham	DL5 6DS	
f506c2c5-4910-46e0-9ee7-804b8e62baec	2019-03-29 13:12:15.995276+00	2019-03-29 13:12:15.995294+00		\N						
10e3db6e-e960-4de6-b594-45d15cb4a980	2019-04-01 08:44:04.134364+00	2019-04-01 08:44:04.134387+00		\N						
75863554-d406-46eb-82d9-d2080e6fa078	2019-03-29 13:14:43.403384+00	2019-04-01 08:31:51.224233+00	27 Merry Lane NP000168885	UA	27 Merry Lane NP000168885		East Hanover	East Hanover	07936	
fa5baabc-e2fc-46c0-b3e2-26e1130b20d4	2019-03-29 13:14:43.408339+00	2019-04-01 08:31:53.16667+00	27 Merry Lane NP000168885	UA	27 Merry Lane NP000168885		East Hanover	East Hanover	07936	
2135d220-5051-4990-a532-9bafd532808c	2019-04-01 08:44:04.140931+00	2019-04-01 08:44:04.140945+00		\N						
2bf82dba-98c1-459d-a4a4-f56acd6f72b8	2019-04-01 11:34:20.899197+00	2019-04-01 11:34:20.899213+00		\N						
d37950f5-979c-4e37-ba0d-6b06ed2194c2	2019-04-01 11:35:40.05468+00	2019-04-01 11:36:48.592281+00	D F S, Unit D, Smeaton Road	GB	Unit D	Smeaton Road	Dundee	Dundee City	DD2 4UT	
fbb056f7-da63-49a4-bb7c-7b97d70c5ade	2019-04-01 12:00:02.408841+00	2019-04-01 12:00:02.408864+00		\N						
e5a9973f-3808-423d-bcd2-271e425ee491	2019-04-01 11:49:32.15428+00	2019-04-01 11:51:36.544213+00	Other address	UA	Address line 1		Odessa	Odessa	12345	
763c87c1-e0de-4422-8ac2-cd199454e6d5	2019-04-01 12:01:16.207109+00	2019-04-01 12:03:24.756751+00		UA						
bfbb13a5-5b08-4c04-89dd-5e1fc1806ae5	2019-04-01 09:45:58.439358+00	2019-04-01 09:52:22.743005+00	Axesclose Farm, Tintinhull Road	GB	Axesclose Farm	Tintinhull Road	Yeovil	Somerset	BA22 8QX	
313f0e7b-b2a6-423c-8a54-7a9b4ea41b25	2019-04-01 08:45:25.770253+00	2019-04-01 11:57:09.929005+00	27 Merry Lane NP000168885	UA	27 Merry Lane NP000168885		East Hanover	East Hanover	07936	
63cba29b-84f1-4702-a4c2-a91103b466e9	2019-04-01 08:45:25.76313+00	2019-04-01 11:58:34.193225+00	27 Merry Lane NP000168885	UA	27 Merry Lane NP000168885		East Hanover	East Hanover	07936	
3469c6e9-2d16-4625-a0c8-5ec2c2686f1f	2019-04-01 09:45:58.429966+00	2019-04-02 06:21:11.10587+00	Axesclose Farm, Tintinhull Road	GB	Axesclose Farm	Tintinhull Road	Yeovil	Somerset	BA22 8QX	
6b4ebc25-d807-4fc9-92b6-e2264318f558	2019-04-01 12:05:51.767824+00	2019-04-01 12:05:51.767837+00		\N						
f9a530f4-0a2b-4961-8a0c-d7f99404c234	2019-04-01 13:19:43.797149+00	2019-04-01 18:32:55.531432+00	27 Merry Lane NP000168885	UA	27 Merry Lane NP000168885		East Hanover	East Hanover	07936	
8034ec52-20c5-4532-a4b8-b59ee3641240	2019-04-02 07:07:38.043319+00	2019-04-02 07:07:38.04334+00		\N						
430a94ca-6a1b-4d08-9a33-4fc7073e3b44	2019-04-02 07:07:38.048981+00	2019-04-02 07:07:38.048995+00		\N						
98f5924a-815a-491e-9e8a-171dd3e83808	2019-04-01 12:05:51.763009+00	2019-04-01 12:19:16.15811+00		UA						
9af43ab8-89c4-40e4-9877-7fcec9c2d305	2019-04-01 12:24:32.417704+00	2019-04-01 12:24:32.417721+00		\N						
acb82bbf-3674-4429-a679-e3ba33b4cb66	2019-04-01 12:24:32.423979+00	2019-04-01 12:24:32.423992+00		\N						
4bd071ad-bc45-4762-acf5-136cc6ba06eb	2019-04-03 07:22:18.643679+00	2019-04-03 08:31:55.666724+00	27 Merry Lane NP000168885	UA	27 Merry Lane NP000168885		East Hanover	East Hanover	07936	
52ed6aa2-6579-4680-a4b2-8129c69e806d	2019-04-03 08:34:07.935293+00	2019-04-03 08:34:07.935309+00		\N						
d86366e0-4ab4-4092-992b-331ff91e2a17	2019-04-01 12:25:14.694226+00	2019-04-01 12:32:22.664803+00	27 Merry Lane NP000168885	UA	27 Merry Lane NP000168885		East Hanover	East Hanover	07936	
71ea5fdb-8d34-4f8a-b9aa-75bf96be9fd2	2019-04-01 12:25:14.702664+00	2019-04-01 12:32:24.96676+00	27 Merry Lane NP000168885	UA	27 Merry Lane NP000168885		East Hanover	East Hanover	07936	
2ac844a4-f83f-4d93-bbfa-af3d1c1c1e87	2019-04-01 12:47:13.403947+00	2019-04-01 12:47:13.403966+00		\N						
2ebd6807-c24a-4f47-a661-51d9527ca459	2019-04-04 09:30:09.922889+00	2019-04-04 09:36:35.758969+00	Polish Community Centre, True Lovers Walk	GB	True Lovers Walk		Loughborough	Leicestershire	LE11 3DB	
ef3c85b8-bce5-4925-a7b7-515b2c55cb2a	2019-04-04 09:30:09.927791+00	2019-04-04 09:36:37.240066+00	Wee Wapping, 68 High Street	GB	Wee Wapping	68 High Street	Aylesbury	Buckinghamshire	HP18 9AL	
1123b665-c97d-4015-af5d-251cf54ce1eb	2019-04-05 06:58:25.882547+00	2019-04-05 06:58:25.882565+00		\N						
52c246b4-f698-48ff-ae25-2a0ecf07cdea	2019-04-05 07:10:07.851613+00	2019-04-05 07:10:07.851629+00		\N						
e7d11f00-22fb-4704-87c7-042083b4d88c	2019-04-05 07:11:50.689749+00	2019-04-05 07:11:50.689767+00		\N						
1ed379f2-58f7-47f8-a2f6-4a3d10b07e3b	2019-04-03 08:34:27.906066+00	2019-04-05 12:29:17.484411+00	27 Merry Lane NP000168885	UA	27 Merry Lane NP000168885		East Hanover	East Hanover	07936	
b9c3422b-cdca-4704-80aa-31ce37e86df3	2019-04-08 08:00:14.270992+00	2019-04-08 08:01:26.58121+00	Pop, 25 Princess Street	GB	25 Princess Street		Knutsford	Cheshire East	WA16 6BW	
da2a5008-d7a7-4c9a-9569-d230f30c7a81	2019-04-08 08:00:14.258753+00	2019-04-08 08:06:41.099471+00	Pop, 15 Blenheim Crescent	GB	15 Blenheim Crescent		London	Kensington and Chelsea	W11 2EE	
1a7ef721-4e3b-4692-8913-0c54d1772cd1	2019-04-05 07:52:24.188843+00	2019-04-05 08:43:33.841693+00	14 Portland House, Station Road	GB	14 Portland House	Station Road	Gerrards Cross	Buckinghamshire	SL9 8FQ	
227261b2-2ec2-4432-9f31-eceb8d603f89	2019-04-04 08:35:00.386656+00	2019-04-04 08:46:51.882352+00	W E Saxon, Bank Top Farm, Great Gate	GB	Bank Top Farm	Great Gate	Stoke-on-Trent	Staffordshire	ST10 4HF	
1a7e912e-a1c2-45c1-b96b-85c62a9ae38a	2019-04-04 08:52:49.619103+00	2019-04-04 08:52:49.619121+00		\N						
c0a5856b-1ebc-45ba-afa6-a141561c2a6c	2019-04-04 08:54:01.919266+00	2019-04-04 09:28:30.55022+00	Saxe House, 20 Ethelbert Road	GB	Saxe House	20 Ethelbert Road	Canterbury	Kent	CT1 3NE	
56604d67-47b4-4ffb-bfaf-fc67c0a2b1b0	2019-04-01 13:19:43.79209+00	2019-04-01 18:32:53.336452+00	27 Merry Lane NP000168885	UA	27 Merry Lane NP000168885		East Hanover	East Hanover	07936	
32a32c25-0cd7-4d00-9a8c-d7de307b8662	2019-04-03 07:22:18.637138+00	2019-04-03 08:31:53.277555+00	27 Merry Lane NP000168885	UA	27 Merry Lane NP000168885		East Hanover	East Hanover	07936	
917060be-8e44-452c-9397-62334cec3f47	2019-04-03 08:34:27.911014+00	2019-04-05 08:44:09.685057+00	27 Merry Lane NP000168885	UA	27 Merry Lane NP000168885		East Hanover	East Hanover	07936	
5cfb40b5-52c7-47bb-9925-ac32d90ba69a	2019-04-08 10:54:19.103599+00	2019-04-08 12:12:25.938231+00		UA						
ce3397a6-bb5f-4329-b6ed-f136fcb1bfde	2019-04-04 08:35:00.381511+00	2019-04-05 08:56:48.375385+00		UA						
91801f91-d1f2-4037-9f2a-b7ce79fed230	2019-03-01 15:56:27.430765+00	2019-04-08 16:12:13.06246+00		GB						
\.


--
-- Data for Name: core_user; Type: TABLE DATA; Schema: public; Owner: -
--

COPY public.core_user (password, last_login, is_superuser, username, first_name, last_name, is_staff, is_active, date_joined, id, created_at, updated_at, cognito_id, email, status, role, middle_name, birth_date, phone_number, phone_number_verified, email_verified, address_id, country_of_birth, gender, mother_maiden_name, passport_country_origin, passport_date_expiry, passport_number, title) FROM stdin;
!sQmIbnXZ3zaAAJLnsB9WnHzEmagfezlkIIqd51To	\N	f				f	t	2019-02-08 09:30:16.796083+00	49247294-99fe-4395-87e4-a8136db2130b	2019-02-08 09:30:16.797584+00	2019-02-08 09:30:16.797593+00	\N	AnonymousUser	active	\N		\N		f	f	\N	\N	\N	\N	\N	\N		\N
	\N	f	oleg.sdsd@postindustria.com			f	t	2019-02-08 13:58:27.990302+00	4306680e-bfd6-4589-b696-73ec4e70238b	2019-02-08 13:58:27.990532+00	2019-02-08 13:58:28.004692+00	fa56d657-c409-4161-93ff-b1c2f912b46d	oleg.sdsd@postindustria.com	active	owner		\N		f	f	3e9eb5f9-b599-42c4-9428-0829fbf6ec6e	\N	\N	\N	\N	\N		\N
	\N	f	oleg.ryabinskiy@postindustria.com	Oleg	R	f	t	2019-02-08 09:50:59.46728+00	28176fa5-af86-468f-af53-41f9f9f5afd1	2019-02-08 09:50:59.4675+00	2019-02-08 11:13:20.498585+00	91405e83-fd9c-4950-b06c-6b0eb6923b31	oleg.ryabinskiy@postindustria.com	active	owner		2001-02-08	+445555555555	f	f	83e19602-d865-4775-8d74-8ed597cc715d	\N	\N	\N	\N	\N		\N
	\N	f	oleg.test@postindustria.com	Oleg	B	f	t	2019-02-08 13:38:12.558901+00	c6d5c6d1-042b-4684-a7dc-601f6b057f4e	2019-02-08 13:38:12.559172+00	2019-02-08 13:40:11.007423+00	f310d0fb-85a9-42cf-9d1a-b4ffc77ef052	oleg.test@postindustria.com	active	owner		1988-12-03	+380636296344	f	f	4e66697d-52f2-4653-a753-e95db9393103	\N	\N	\N	\N	\N		\N
	\N	f	oleg.zzx@postindustria.com	Oleg	B	f	t	2019-02-08 13:48:51.165798+00	9227b00e-ce71-469e-acb0-f12b680acca2	2019-02-08 13:48:51.166044+00	2019-02-08 13:49:35.689601+00	04f0b5a9-7f0a-4d85-bf4c-825dd46b3433	oleg.zzx@postindustria.com	active	owner		1998-01-02	+445555555555	f	f	a00582e3-5df7-4007-9e3b-afa76d4deab2	\N	\N	\N	\N	\N		\N
	\N	f	oleg.s@postindustria.com			f	t	2019-02-08 14:36:53.577193+00	f1fdf456-4208-4ba6-bc2b-7b29f0db510c	2019-02-08 14:36:53.57746+00	2019-02-08 14:36:53.592929+00	d1018d26-87ff-4d22-8e0d-7bdbb5f82d59	oleg.s@postindustria.com	active	owner		\N		f	f	9ca88983-9b10-4dd6-94a2-729d61d184e6	\N	\N	\N	\N	\N		\N
	\N	f	wegwgewg@aggagrreh.hr			f	t	2019-02-13 14:59:05.560362+00	fb885d4e-fc8e-4da6-84bf-d8b1861bd6db	2019-02-13 14:59:05.560663+00	2019-02-15 07:29:22.987139+00	2ed5ce00-7bc1-40b5-bd49-c7dcfc227f11	wegwgewg@aggagrreh.hr	active	owner		\N	+380932311069	f	f	959caedf-da8e-43ee-b409-7c9155a4a8c8	\N	\N	\N	\N	\N		\N
	\N	f	orcusrt@mailinator.com	Oleg	R	f	t	2019-02-11 08:01:38.667714+00	19995522-1d7e-46e1-af8c-faccc7564738	2019-02-11 08:01:38.672687+00	2019-02-11 08:02:58.918981+00	90ec2130-da19-4927-aa98-66a6b9ce96bf	orcusrt@mailinator.com	active	sub_user		\N		f	t	12f82c3f-af83-4224-b944-c7210b65d90b	\N	\N	\N	\N	\N		\N
	\N	f	pavelgolman+100@gmail.com			f	t	2019-02-15 11:05:17.214491+00	682329d9-e83d-48d6-881f-848a0876d6b2	2019-02-15 11:05:17.215318+00	2019-02-15 11:05:17.504901+00	aca2a771-9c74-4f5f-82d1-4ba26fdb543b	pavelgolman+100@gmail.com	active	owner		\N		f	t	53d4e655-eb51-4c62-94dc-0994fb61684a	\N	\N	\N	\N	\N		\N
	\N	f	pavelgolman+121@gmail.com			f	t	2019-02-18 07:21:23.971683+00	4af5c711-31ce-4463-9535-d39d71204e9a	2019-02-18 07:21:23.973975+00	2019-02-18 07:21:27.138014+00	6abd85ff-151c-4c9b-8ae9-5fafe785221e	pavelgolman+121@gmail.com	active	owner		\N		f	f	6a7323cc-68de-4987-8cd2-4ddacade1f33	\N	\N	\N	\N	\N		\N
	\N	f	pavelgolman+120@gmail.com			f	t	2019-02-15 12:01:47.968493+00	3c55e8d3-bcd7-4005-8a53-ed30ec32eb49	2019-02-15 12:01:47.969339+00	2019-02-15 12:01:48.908408+00	db090f09-324b-43aa-b2df-b2292e9e654a	pavelgolman+120@gmail.com	active	owner		\N		f	f	fde208c3-91f9-4549-8bb3-406aab289db2	\N	\N	\N	\N	\N		\N
	\N	f	pavelgolman+122@gmail.com			f	t	2019-02-18 07:23:23.575383+00	b1ecc88e-4fe9-46e0-a676-2ac5c744c079	2019-02-18 07:23:23.577815+00	2019-02-18 07:23:26.577194+00	7e1f51ea-641c-4fb2-aa37-b9bf3c010192	pavelgolman+122@gmail.com	active	owner		\N		f	f	a98e8c1c-a36b-40be-ba78-d6da93b43eba	\N	\N	\N	\N	\N		\N
	\N	f	pavelgolman+129@gmail.com			f	t	2019-02-18 11:41:25.692831+00	5aefcffe-7891-4ddd-a96e-ce82d9635412	2019-02-18 11:41:25.693715+00	2019-02-18 11:41:26.752117+00	1865f910-0554-4c3a-9a29-1b7dddc1bc2e	pavelgolman+129@gmail.com	active	owner		\N		f	f	cf674369-8ebb-43c8-8c7d-d1bccf76cdcb	\N	\N	\N	\N	\N		\N
	\N	f	pavelgolman+123@gmail.com			f	t	2019-02-18 09:14:16.169171+00	91fd1fc3-fa47-4387-9005-6397e9c52da2	2019-02-18 09:14:16.171494+00	2019-02-18 09:14:19.691157+00	835f9703-7749-47ef-a9e6-60429400013d	pavelgolman+123@gmail.com	active	owner		\N		f	f	d8e76780-7455-43ba-9f32-f038d602e3af	\N	\N	\N	\N	\N		\N
	\N	f	pavelgolman+126@gmail.com			f	t	2019-02-18 11:30:28.872059+00	60397fdf-05e0-443f-88ee-1037158f4580	2019-02-18 11:30:28.872824+00	2019-02-18 11:30:30.176105+00	28219e7e-f92f-42c5-b9bf-bf764174d1e7	pavelgolman+126@gmail.com	active	owner		\N		f	f	c73dad44-9157-4669-8cc2-6610ca70a00f	\N	\N	\N	\N	\N		\N
	\N	f	pavelgolman+125@gmail.com			f	t	2019-02-18 11:29:34.051215+00	c02ddbfb-ff3c-4472-8041-a5b9348f477d	2019-02-18 11:29:34.052188+00	2019-02-18 11:29:35.357085+00	f3a94c22-ea86-4f16-b8a6-05bdc27204a3	pavelgolman+125@gmail.com	active	owner		\N		f	f	306b1436-5df2-4bea-a446-98616f7bd7bc	\N	\N	\N	\N	\N		\N
	\N	f	pavelgolman+130@gmail.com			f	t	2019-02-18 11:45:11.836819+00	b1b484a2-12e0-4661-962b-1826cdc80ebf	2019-02-18 11:45:11.837415+00	2019-02-18 11:45:12.827424+00	00d16f1a-f1cb-4bc2-abd2-82199c5727c2	pavelgolman+130@gmail.com	active	owner		\N		f	f	abca2a38-4b69-4880-86fa-b45fdd166f5c	\N	\N	\N	\N	\N		\N
	\N	f	pavelgolman+128@gmail.com			f	t	2019-02-18 11:39:58.729933+00	47007590-e901-4cad-80f8-ffa2cd44dbca	2019-02-18 11:39:58.730524+00	2019-02-18 11:39:59.751126+00	1a4e8c22-dd7a-4a48-b271-65696117849e	pavelgolman+128@gmail.com	active	owner		\N		f	f	2ff37e30-e468-4648-9e5b-27908baf3209	\N	\N	\N	\N	\N		\N
	\N	f	pavelgolman+131@gmail.com			f	t	2019-02-18 11:46:24.790319+00	abee743b-8fb7-416f-b875-a68717ef1a1c	2019-02-18 11:46:24.790917+00	2019-02-18 11:46:25.806926+00	46c270e3-e082-4747-8b23-c5ce687ba9a9	pavelgolman+131@gmail.com	active	owner		\N		f	f	bd978942-4ebf-4783-8547-f604e7bcd464	\N	\N	\N	\N	\N		\N
	\N	f	pavelgolman+135@gmail.com			f	t	2019-02-18 12:41:43.154072+00	cff64a03-3fc8-4881-802e-8a35599c3c49	2019-02-18 12:41:43.155838+00	2019-02-18 12:41:44.207953+00	fc510e54-ce6f-4294-8732-32f32a75e07c	pavelgolman+135@gmail.com	active	owner		\N		f	f	2ae1ff05-0938-4f8d-a39c-829084d064c8	\N	\N	\N	\N	\N		\N
	\N	f	pavelgolman+134@gmail.com			f	t	2019-02-18 12:40:59.995764+00	34a509ca-c6b4-4d51-9348-d10420f1c270	2019-02-18 12:40:59.998111+00	2019-02-18 12:41:01.002013+00	0a29d095-11f9-44f5-8110-94b1b59fcb57	pavelgolman+134@gmail.com	active	owner		\N		f	f	296b6cd3-2932-4e76-8d2b-075c601284da	\N	\N	\N	\N	\N		\N
	\N	f	pavelgolman+137@gmail.com			f	t	2019-02-18 12:44:48.480696+00	0d217cb0-0f96-4184-9d50-4711bf63cd9a	2019-02-18 12:44:48.484918+00	2019-02-18 12:44:49.520371+00	62dc3a71-71b0-4dae-8438-81bba045cad9	pavelgolman+137@gmail.com	active	owner		\N		f	f	82ec3186-fa3c-47ef-8c1a-809aae1753d2	\N	\N	\N	\N	\N		\N
	\N	f	pavelgolman+138@gmail.com			f	t	2019-02-18 12:46:42.490993+00	cc2a8e57-9c46-4889-9400-5962e15318c0	2019-02-18 12:46:42.493359+00	2019-02-18 12:46:43.513224+00	d6d226df-29e8-4719-a66b-b86a8782a4cb	pavelgolman+138@gmail.com	active	owner		\N		f	f	008312c4-5fdf-4a47-bcba-106ddfa6a0f7	\N	\N	\N	\N	\N		\N
	\N	f	pavelgolman+139@gmail.com			f	t	2019-02-18 12:47:17.958412+00	57e569c4-5808-4a28-90ce-979e82bfcddd	2019-02-18 12:47:17.960125+00	2019-02-18 12:47:18.994151+00	77ddc19f-f31a-4ca5-9e43-bea581511bcc	pavelgolman+139@gmail.com	active	owner		\N		f	f	74041552-ee8e-4711-86c9-0d7c06d41e48	\N	\N	\N	\N	\N		\N
	\N	f	pavelgolman+140@gmail.com			f	t	2019-02-18 12:47:55.044329+00	18b4b167-00c0-45a0-beec-9897541b1b17	2019-02-18 12:47:55.046541+00	2019-02-18 12:47:56.074001+00	e55ed546-5108-4c21-9a47-887a3a807a73	pavelgolman+140@gmail.com	active	owner		\N		f	f	d50fb52e-3f4e-4091-9272-579a828ef8a0	\N	\N	\N	\N	\N		\N
	\N	f	pavelgolman+141@gmail.com			f	t	2019-02-18 12:48:14.715197+00	88f536f4-9738-4d7f-806d-591fd4bc48d9	2019-02-18 12:48:14.71721+00	2019-02-18 12:48:15.728568+00	e79b32e1-91bf-48fc-b225-0be3d1f94b2a	pavelgolman+141@gmail.com	active	owner		\N		f	f	29cb35d8-673d-48b1-b065-e5df92236618	\N	\N	\N	\N	\N		\N
	\N	f	pavelgolman+142@gmail.com			f	t	2019-02-18 12:49:52.484573+00	f542d30a-9a7c-47e9-ac20-1b9e36be1615	2019-02-18 12:49:52.486981+00	2019-02-18 12:49:53.510455+00	567fa329-4a71-44b7-a080-83e439a44e1e	pavelgolman+142@gmail.com	active	owner		\N		f	f	56a03df5-e855-4830-970e-6f0811433364	\N	\N	\N	\N	\N		\N
	\N	f	pavelgolman+143@gmail.com			f	t	2019-02-18 12:50:15.486858+00	c23e49f5-8ce8-4247-b425-86ff9f23dd2a	2019-02-18 12:50:15.488536+00	2019-02-18 12:50:16.524561+00	59f8cc71-c2e3-42a1-b4b1-6c8f4573e5c0	pavelgolman+143@gmail.com	active	owner		\N		f	f	5ac03124-6495-40ba-b33e-fb2171ae278d	\N	\N	\N	\N	\N		\N
	\N	f	pavelgolman+136@gmail.com			f	t	2019-02-18 12:42:21.287926+00	cdf49eee-bb74-47b4-a9ca-74d4aff0b112	2019-02-18 12:42:21.290594+00	2019-02-22 10:23:14.095201+00	7b1c6e0c-c87e-47af-a491-81b1c409bef2	pavelgolman+136@gmail.com	active	owner		\N		f	f	eedd1b0a-1869-4caf-8589-2f177c6a4274	\N	\N	\N	\N	\N		\N
	\N	f	pavelgolman+127@gmail.com			f	t	2019-02-18 11:38:33.83004+00	b9a4b0ba-2abd-4944-8f08-3c658d17033f	2019-02-18 11:38:33.830631+00	2019-02-22 10:34:27.430167+00	ad998aca-af7a-49fe-9bcd-9ff669cdf03c	pavelgolman+127@gmail.com	active	owner		\N		f	f	9b2e0920-2607-41e2-8a89-d621de168917	\N	\N	\N	\N	\N		\N
	\N	f	pavelgolman+330@gmail.com			f	t	2019-03-01 18:03:07.308406+00	662d73ff-fb2d-4876-972d-804e0915ccaa	2019-03-01 18:03:07.308709+00	2019-03-01 18:03:07.324344+00	bc4f56d5-78c0-45a8-b8f8-aa3d12fe22ff	pavelgolman+330@gmail.com	active	owner		\N		f	f	dbe93f0c-c494-44f1-9c46-93f8fc9044fd	\N	\N	\N	\N	\N		\N
	\N	f	pavelgolman+145@gmail.com			f	t	2019-02-18 12:53:09.971361+00	6942d513-2a61-4757-ba77-a6a0e329b987	2019-02-18 12:53:09.973738+00	2019-02-18 12:53:10.971075+00	df67401e-a337-4c63-9775-6c2d4f669590	pavelgolman+145@gmail.com	active	owner		\N		f	f	226435c0-3e92-4946-b0c6-d9a09c6f029a	\N	\N	\N	\N	\N		\N
	\N	f	wfwqfqw@th45h34f.ff	Myasf	egwgewg	f	t	2019-02-12 09:25:49.631728+00	09373be8-9180-40b9-8835-1d7ae043ed07	2019-02-12 09:25:49.631982+00	2019-03-06 08:47:45.941638+00	e7bc0252-5672-4237-981e-e817dc302a41	wfwqfqw@th45h34f.ff	blocked	owner		2001-01-01	+380932311069	f	f	e16e8f44-0a76-46c6-a614-c7168c5c935e	\N	\N	\N	\N	\N		\N
	\N	f	test.test@admin.test	fqwfq	wewe	f	t	2019-02-15 14:31:05.949433+00	ee53f08a-5d2c-47f4-99cc-68d00e427174	2019-02-15 14:31:05.953615+00	2019-03-03 10:39:40.549522+00	90d874c1-5891-4647-b0ff-86e18b6b56bc	test.test@admin.test	active	admin		\N		f	t	\N	\N	\N	\N	\N	\N		\N
	\N	f	mikhail.novikov+1@postindustria.com	Mico	Belic	f	t	2019-02-12 09:55:37.80948+00	c3436317-60bd-464e-885a-1e8f98451c6e	2019-02-12 09:55:37.814319+00	2019-03-04 06:28:09.35823+00	99fe174d-90b9-499d-86b8-14011f0d4948	mikhail.novikov+1@postindustria.com	active	sub_user		2001-01-01	+380932311069	f	f	0fd51c7c-1ecb-4bf2-9f37-a466d43c3d6e	\N	male	\N	\N	\N		mr
pbkdf2_sha256$120000$UxsK5pE6DhnK$ly3/c3xxdu2BnQbLOflYNoh2yxXWHpBXJqmE5Wyp84w=	2019-04-09 08:00:47.165443+00	t	mikhail@admin.test			t	t	2019-02-14 15:14:10.41347+00	1d29caad-bf59-4657-be4a-ba41b03e1dc8	2019-02-14 15:14:10.572737+00	2019-02-14 15:14:10.572748+00	\N	mikhail@admin.test	active	\N		\N		f	f	\N	\N	\N	\N	\N	\N		\N
	\N	f	pavelgolman+132@gmail.com			f	t	2019-02-18 11:48:28.400103+00	526badd8-2f7b-49ef-8bfc-d183b6dc89f7	2019-02-18 11:48:28.400728+00	2019-03-06 08:47:59.640063+00	9791c4df-ee97-415b-ba4b-7f28e84ae743	pavelgolman+132@gmail.com	banned	owner		\N		f	f	15f87983-c328-4f7b-87a5-aeed09aa0676	\N	\N	\N	\N	\N		\N
	\N	f	egwgwef@asgsga.ag			f	t	2019-02-08 09:57:52.719422+00	47626731-4ba3-44d2-8506-16b4664eab5e	2019-02-08 09:57:52.719656+00	2019-03-06 08:47:38.367516+00	7001ef04-7a6b-4f1e-8aa2-76d0a2dd1f33	egwgwef@asgsga.ag	banned	owner		\N		f	f	afe228a6-2839-4b7e-b3d5-1b7fabe49aa0	\N	\N	\N	\N	\N		\N
	\N	f	admin.invite@test.test	admin	adim	f	t	2019-02-14 15:51:34.996929+00	c3081cd5-71cb-4fb2-963c-9e30332d04e2	2019-02-14 15:51:35.001369+00	2019-03-06 08:48:31.625591+00	7f766c10-83f0-4f10-a2fd-1a349bf48bee	admin.invite@test.test	active	admin	admin	\N		f	t	\N	\N	\N	\N	\N	\N		\N
	\N	f	admin@admin.test			f	t	2019-02-18 08:21:53.414958+00	5aafbe29-4256-4dc1-ae9a-4e52e803ade5	2019-02-18 08:21:53.419793+00	2019-03-13 06:30:29.777857+00	810b9291-36e8-4c4a-a875-b501d8f3e995	admin@admin.test	active	admin		\N		f	t	\N	\N	\N	\N	\N	\N		\N
	\N	f	pavelgolman+155@gmail.com			f	t	2019-02-18 13:18:32.158945+00	baa579d9-997f-4ac7-8441-220692505937	2019-02-18 13:18:32.159396+00	2019-02-18 13:18:33.366942+00	e30a6ece-7b28-4ba5-8d20-3a9439b63ada	pavelgolman+155@gmail.com	active	owner		\N		f	f	0e2d3e40-cb91-4a99-8359-f99d62157953	\N	\N	\N	\N	\N		\N
	\N	f	pavelgolman+156@gmail.com			f	t	2019-02-18 13:19:42.676263+00	dc943f26-da19-47af-b928-31645dce6b00	2019-02-18 13:19:42.676662+00	2019-02-18 13:19:43.657743+00	983472db-7aa8-4ec4-b71b-8344cd8ad8d7	pavelgolman+156@gmail.com	active	owner		\N		f	f	97ac4d9d-fe61-45e6-93b3-20455b755d76	\N	\N	\N	\N	\N		\N
	\N	f	pavelgolman+148@gmail.com			f	t	2019-02-18 12:59:56.41085+00	d35e8721-236e-492d-902e-a2b535520fb6	2019-02-18 12:59:56.413192+00	2019-02-18 12:59:57.441051+00	2fc27586-6a31-482c-bdd1-bb9fae24854f	pavelgolman+148@gmail.com	active	owner		\N		f	f	31dcc4ce-f551-48f5-935c-4511919eac41	\N	\N	\N	\N	\N		\N
	\N	f	pavelgolman+161@gmail.com			f	t	2019-02-19 06:40:22.568491+00	bc3cd5cc-d05c-4e12-acd7-fef885f0f94e	2019-02-19 06:40:22.568756+00	2019-02-19 06:40:22.582267+00	f1c9fed7-3b47-486e-bfe9-55aa27ee8db0	pavelgolman+161@gmail.com	active	owner		\N		f	f	84f04ce0-5877-4a4c-a1fb-2c12b103ff76	\N	\N	\N	\N	\N		\N
	\N	f	pavelgolman+149@gmail.com			f	t	2019-02-18 13:01:28.091161+00	b90c50e1-c7be-461e-9f26-f977aae60147	2019-02-18 13:01:28.093089+00	2019-02-18 13:01:29.091012+00	0b67b779-c0b7-4f42-a20b-b548c3e6291d	pavelgolman+149@gmail.com	active	owner		\N		f	f	9cf00730-4ced-49a1-9be8-11fa7b410322	\N	\N	\N	\N	\N		\N
	\N	f	pavelgolman+150@gmail.com			f	t	2019-02-18 13:02:51.609144+00	d9ce4b72-ba36-42df-9edb-100dec446866	2019-02-18 13:02:51.610884+00	2019-02-18 13:02:52.623199+00	5cea94e9-5a71-4757-9603-09fcdc9132b4	pavelgolman+150@gmail.com	active	owner		\N		f	f	7923c579-a546-41ba-9adf-4d77e3317969	\N	\N	\N	\N	\N		\N
	\N	f	pavelgolman+151@gmail.com			f	t	2019-02-18 13:13:29.896693+00	97aeb68d-d9d9-4622-b2a5-bde1406b750a	2019-02-18 13:13:29.897294+00	2019-02-18 13:13:30.871188+00	34187182-0845-4e6b-9df7-dce69684d239	pavelgolman+151@gmail.com	active	owner		\N		f	f	392b4204-16f0-4c75-8bef-3d68e63ec662	\N	\N	\N	\N	\N		\N
	\N	f	pavelgolman+152@gmail.com			f	t	2019-02-18 13:13:52.717193+00	b63c908f-ccb4-47ec-84ce-b07e70dd94c6	2019-02-18 13:13:52.717788+00	2019-02-18 13:13:53.669847+00	d89edf37-ea64-4018-b3d1-bcdf5412d61e	pavelgolman+152@gmail.com	active	owner		\N		f	f	df3dc95d-9306-4721-8b1c-761680c76dd4	\N	\N	\N	\N	\N		\N
	\N	f	pavelgolman+153@gmail.com			f	t	2019-02-18 13:15:00.554089+00	728d5719-5280-49c7-abb8-d66f9e6f5f91	2019-02-18 13:15:00.554624+00	2019-02-18 13:15:01.497446+00	5d0d5f0d-7833-49be-9e36-1fa50db458d8	pavelgolman+153@gmail.com	active	owner		\N		f	f	b229ed61-74ab-4d98-8710-b8eee20c1b01	\N	\N	\N	\N	\N		\N
	\N	f	wegwewh@qwgwe.gw			f	t	2019-02-19 08:25:30.24168+00	f0c13414-2644-4989-89a1-facf6cff5a2d	2019-02-19 08:25:30.241928+00	2019-02-19 08:25:30.255412+00	8b5f8bdc-79d1-44d5-a59e-0f0b5606e8da	wegwewh@qwgwe.gw	active	owner		\N		f	f	20e324f3-2d4e-44c7-93f4-f109e6a01f4a	\N	\N	\N	\N	\N		\N
	\N	f	pavelgolman+154@gmail.com			f	t	2019-02-18 13:15:31.62357+00	6d11a6e4-91df-44f0-84b4-15120102f480	2019-02-18 13:15:31.624152+00	2019-02-18 13:15:32.599893+00	3112ccf5-617f-46f0-b85a-2720101e17af	pavelgolman+154@gmail.com	active	owner		\N		f	f	c2805088-cced-498d-b83c-0bf287ad2ae9	\N	\N	\N	\N	\N		\N
	\N	f	lkljwng@wggwg.gg			f	t	2019-02-19 08:29:45.598647+00	9133b307-cc1b-4b6e-a6a0-462ad3716775	2019-02-19 08:29:45.598931+00	2019-02-19 08:29:45.61437+00	9c485bff-fb57-4b0a-a257-622853d78fea	lkljwng@wggwg.gg	active	owner		\N		f	f	01b7b869-78a0-43fe-a543-6cdbef1837c3	\N	\N	\N	\N	\N		\N
	\N	f	anton.ratushnyak@postindustria.com	Anton	Ratushnyak	f	t	2019-02-18 14:38:57.176409+00	145576ce-f9e8-4168-a2e9-3075d2752772	2019-02-18 14:38:57.176704+00	2019-02-18 14:40:29.926499+00	c694321c-c4b0-4314-96e7-4f77b4704b37	anton.ratushnyak@postindustria.com	active	owner		1982-01-10	+380631286611	f	f	a830ec1e-f5c7-4cf9-9f3c-af4b3312db13	\N	\N	\N	\N	\N		\N
	\N	f	pavelgolman+159@gmail.com			f	t	2019-02-18 14:39:04.112672+00	dde4b9bd-ae68-4541-8443-36c20a837c13	2019-02-18 14:39:04.114989+00	2019-02-19 14:17:23.729272+00	22929db9-6389-4c94-8f5b-16eb939cd590	pavelgolman+159@gmail.com	active	owner		\N	+380501355772	t	f	8cec7181-32ec-4d69-a584-dfe346ad8f94	\N	\N	\N	\N	\N		\N
	\N	f	fhgqfvd@wagegw.ge	sdgsdgwwq	dsgwegww	f	t	2019-02-18 07:00:52.231031+00	63f09550-2ec1-448b-83e6-cafd87cb328d	2019-02-18 07:00:52.235354+00	2019-02-20 11:15:50.863889+00	ee33708d-1d10-4f16-954f-0361097474fa	fhgqfvd@wagegw.ge	active	sub_user		\N		f	t	13e783c4-997e-4734-bedb-3f42ab2f46be	\N	\N	\N	\N	\N		\N
	\N	f	ewfkvme@ewgweh.wh	trjrthwef	tjtyhwrw	f	t	2019-02-21 09:22:39.222872+00	91ca1d3e-7881-4512-b955-c220b766bae4	2019-02-21 09:22:39.22645+00	2019-02-21 09:22:40.390547+00	5855725f-2804-4aa6-8356-8a8a3ed850a0	ewfkvme@ewgweh.wh	active	sub_user		\N		f	t	42944b05-c6a5-4316-9a33-e7f871581bbe	\N	\N	\N	\N	\N		\N
	\N	f	pavelgolman+171@gmail.com			f	t	2019-02-20 13:02:33.942255+00	c2e6c70c-94df-45ba-88f5-584d96893640	2019-02-20 13:02:33.942666+00	2019-02-20 13:02:33.947485+00	4babe8de-d119-4c70-bdb7-a1fa285c9735	pavelgolman+171@gmail.com	active	owner		\N		f	f	ae25dc64-9f32-450b-a562-6915cbd9320b	\N	\N	\N	\N	\N		\N
	\N	f	pavelgolman+9991@gmail.com	Pavel	Golman	f	t	2019-02-20 13:06:07.833794+00	823a26b2-96a7-47fd-a9a6-375debcece0f	2019-02-20 13:06:07.837001+00	2019-02-20 13:06:09.649389+00	dd2fe2ae-231d-4d55-985e-8fccf7b63058	pavelgolman+9991@gmail.com	active	sub_user		\N		f	t	2585c438-81bc-4fef-8a30-1b4fe0434c61	\N	\N	\N	\N	\N		\N
	\N	f	ergergqw@geerhrth.eg	threfq	wegergew	f	t	2019-02-21 09:37:34.080311+00	1cc5c106-dde9-4c8c-b54b-6948c86eb99f	2019-02-21 09:37:34.08347+00	2019-03-01 15:07:46.126737+00	3c1284fb-2ef7-4e43-8b6d-37d070733093	ergergqw@geerhrth.eg	active	admin		\N		f	t	\N	\N	\N	\N	\N	\N		\N
	\N	f	pavelgolman+9993@gmail.com	Pavel	Golman	f	t	2019-02-20 13:22:42.025589+00	6988b4bc-8879-45d4-b962-72ca5767ebac	2019-02-20 13:22:42.028634+00	2019-02-20 13:22:43.108694+00	f6b1ae6d-5d97-4ced-b7bd-f9b00cca66c2	pavelgolman+9993@gmail.com	active	sub_user		\N		f	t	c9fb4e69-2f1f-4099-981f-46840aa2574b	\N	\N	\N	\N	\N		\N
	\N	f	pavelgolman+9995@gmail.com	w	w	f	t	2019-02-20 14:30:21.082709+00	109236bc-2ff8-4ca3-848b-2e99096bbc1e	2019-02-20 14:30:21.085733+00	2019-02-20 14:30:22.074816+00	58d8e1d6-455c-4cc1-97e4-0045eefa00c1	pavelgolman+9995@gmail.com	active	sub_user		\N		f	t	72a7ab1a-9aea-44bd-8550-54a52374f367	\N	\N	\N	\N	\N		\N
	\N	f	pavelgolman+9996@gmail.com	w	w	f	t	2019-02-21 07:30:02.148668+00	8e489d81-5e15-41ea-aff8-c7f1558bf568	2019-02-21 07:30:02.155498+00	2019-02-21 07:30:04.482095+00	42ef203e-c876-42cc-92b6-5418ac98cbd0	pavelgolman+9996@gmail.com	active	sub_user		\N		f	t	775552b6-ddac-439d-90aa-999d983485d5	\N	\N	\N	\N	\N		\N
	\N	f	wqrqwr@wfewg.wg	wegwegew	erherthre	f	t	2019-02-21 09:22:26.763122+00	0d5a83a6-17d0-4a56-a24c-ec96d30a9c67	2019-02-21 09:22:26.766051+00	2019-02-21 09:22:28.401157+00	affe8a8c-d0bf-43a6-b421-ad406603a737	wqrqwr@wfewg.wg	active	sub_user		\N		f	t	a2d03d3d-2abe-4a06-9ba0-86cdd3ac84b1	\N	\N	\N	\N	\N		\N
	\N	f	mikhail.novikov+92929@postindustria.com			f	t	2019-03-02 09:14:20.355944+00	d0cf6078-d968-4fc3-9e8c-b9f659c377f2	2019-03-02 09:14:20.35624+00	2019-03-02 09:14:20.378642+00	4367a6ee-1c6b-4232-a35e-b46b38113b6c	mikhail.novikov+92929@postindustria.com	active	owner		\N		f	f	6ca2a39e-8d6c-4dcb-8dd8-f4ce27bc464e	\N	\N	\N	\N	\N		\N
	\N	f	erhlrtkjer@wehhw.wh	wejknwelkgnwel	reereher	f	t	2019-02-21 09:22:56.744177+00	0101f6e5-7785-424b-a8ab-b8ad95babeed	2019-02-21 09:22:56.747264+00	2019-02-21 09:22:57.984043+00	8f1c4e33-bbf9-4c2b-9178-63a8575f013a	erhlrtkjer@wehhw.wh	active	sub_user		\N		f	t	2c27fd69-f625-47b2-aef5-48289c1de351	\N	\N	\N	\N	\N		\N
	\N	f	lkrmlgewq@egwgw.ww	erhrtrgw	tjtythreg	f	t	2019-02-21 09:23:25.593752+00	81b12ad6-4b5d-4e7e-8415-e534515c85c6	2019-02-21 09:23:25.597455+00	2019-02-21 09:23:26.966688+00	918d23ca-fbef-4ee2-bdce-647545b00b9b	lkrmlgewq@egwgw.ww	active	sub_user		\N		f	t	0ec3e617-dba5-44d2-977a-8c27f3cd2aec	\N	\N	\N	\N	\N		\N
	\N	f	wefkmkwg@egerh.wg	jrtegwfqd	rejytrgwf	f	t	2019-02-21 09:24:08.876023+00	48857927-8f58-43eb-80be-a432ca6da5e5	2019-02-21 09:24:08.879011+00	2019-02-21 09:24:10.139037+00	39a1a15d-af02-44e1-a045-237ab4dc1265	wefkmkwg@egerh.wg	active	sub_user		\N		f	t	96a95f17-61a5-4081-abec-e2fb1e7a73ec	\N	\N	\N	\N	\N		\N
	\N	f	eghegw@egewg.gw	geww	wrhrtjre	f	t	2019-02-21 09:23:08.566288+00	92881f6b-a3f9-40d1-88b1-68179751c77d	2019-02-21 09:23:08.569692+00	2019-02-21 09:24:18.923602+00	989380c1-a599-45ce-b9f6-0ebc207db489	eghegw@egewg.gw	active	sub_user		\N		f	t	766ebee6-f3d8-41dd-a3b6-75d6cab79715	\N	\N	\N	\N	\N		\N
	\N	f	klgleerbe@wrhrjhwe.wg	rhrtjrtewq	erhjtyhrew	f	t	2019-02-21 09:23:38.446396+00	0c67ce4c-86cb-4c7a-9afc-8ed2fffe97da	2019-02-21 09:23:38.452986+00	2019-02-21 09:24:26.077627+00	c1a7a894-b3f6-4b57-8462-7f89750e2cc9	klgleerbe@wrhrjhwe.wg	active	sub_user		\N		f	t	a9cb72b8-851a-4989-b327-1db2627469ec	\N	\N	\N	\N	\N		\N
	\N	f	htrhewf@egwgw.gw	rehrthwe	rtjewwdq	f	t	2019-02-21 09:56:44.063521+00	d1893c61-c72b-4f68-809f-daa593299b82	2019-02-21 09:56:44.066575+00	2019-02-21 09:56:45.433044+00	baaee21f-0b73-4ce3-a33e-ea6184cd9a57	htrhewf@egwgw.gw	active	admin		\N		f	t	\N	\N	\N	\N	\N	\N		\N
	\N	f	wecbnyur@rwgwej.rg	jtrewwdq	erthtyrtgeewf	f	t	2019-02-21 09:24:40.659702+00	4f00e2b3-ecc0-499a-8093-09b3df21c441	2019-02-21 09:24:40.662685+00	2019-02-21 15:44:16.308464+00	81bc8665-9f35-441c-b935-2e7733649711	wecbnyur@rwgwej.rg	active	sub_user		\N		f	t	156e48f7-aaff-4cff-8a67-f9d2a2aeda1b	\N	\N	\N	\N	\N		\N
	\N	f	egrgwewq@eghjtryt.fe	errhttyr	ertrjyther	f	t	2019-02-21 09:25:00.760115+00	cb204ef8-0c54-4921-82e4-4635c89a7aac	2019-02-21 09:25:00.763134+00	2019-02-21 15:57:42.368168+00	223478dd-35a1-41be-8233-085e70514f33	egrgwewq@eghjtryt.fe	active	sub_user		\N		f	t	0a51f58b-e466-4819-a0b2-a3b5183a5e56	\N	\N	\N	\N	\N		\N
	\N	f	pavelgolman+380@gmail.com			f	t	2019-03-05 13:42:43.258566+00	cfd5e6d9-f12a-4cf3-879a-8d38b414cdee	2019-03-05 13:42:43.258918+00	2019-03-05 13:42:43.273225+00	236fa9e5-702d-48b7-902e-4ca4fe31e199	pavelgolman+380@gmail.com	active	owner		\N		f	f	c71689af-9dbd-4d92-b6f3-f81221af8e54	\N	\N	\N	\N	\N		\N
	\N	f	eshergwefwq@gwew.gw	grhethrew	rtjtreww	f	t	2019-02-21 09:57:34.904855+00	e722f15a-a50b-43f8-89e7-7aadb1210035	2019-02-21 09:57:34.907837+00	2019-02-22 08:30:29.041138+00	f78506de-319a-4da7-bc6f-90b141a31166	eshergwefwq@gwew.gw	active	admin		\N		f	t	\N	\N	\N	\N	\N	\N		\N
	\N	f	pavelgolman+146@gmail.com			f	t	2019-02-18 12:56:51.440731+00	c305199e-b2ee-4950-b2f3-598e25970a7f	2019-02-18 12:56:51.44134+00	2019-02-22 10:00:47.580045+00	b19d7e52-9736-40f9-8d96-3536333a9c43	pavelgolman+146@gmail.com	active	owner		\N		f	f	9ebd2aba-10d7-468f-bd86-cefa19f74136	\N	\N	\N	\N	\N		\N
	\N	f	pavelgolman+147@gmail.com			f	t	2019-02-18 12:59:08.789405+00	db83b7ad-4598-4a7a-b46c-3857c0a8fc07	2019-02-18 12:59:08.791776+00	2019-03-06 08:47:28.576953+00	12066611-2bf0-4b01-a08d-aa9369774001	pavelgolman+147@gmail.com	active	owner		\N		f	f	8552ef1e-d03a-43a5-82dd-1191d47f3bc4	\N	\N	\N	\N	\N		\N
	\N	f	mikhail.novikov+4@postindustria.com	efwge	ergerg	f	t	2019-02-22 15:09:56.381225+00	d6a19aee-58b1-418c-8ac0-f37df6d74502	2019-02-22 15:09:56.384473+00	2019-02-22 15:10:59.157079+00	1c7b0072-c324-4ec9-9284-8a3e92ff0e88	mikhail.novikov+4@postindustria.com	active	sub_user		\N		f	t	4ec04cdb-d803-45b9-b2d5-0b32174f1fc4	\N	\N	\N	\N	\N		\N
	\N	f	ergergqw@yjterrhrthrthg.eg	threfq	wegergew	f	t	2019-02-21 09:44:37.243234+00	3a2ec983-d218-4e03-ba86-0f6d520ad229	2019-02-21 09:44:37.247364+00	2019-03-03 13:14:45.539638+00	dbc29b09-e974-4105-99cf-b36cd39c2118	ergergqw@yjterrhrthrthg.eg	active	admin		\N		f	t	\N	\N	\N	\N	\N	\N		\N
	\N	f	pavelgolman+160@gmail.com			f	t	2019-02-19 06:34:24.780459+00	381d6a22-beae-4fec-a79c-e5a68aaa3522	2019-02-19 06:34:24.780771+00	2019-02-19 15:15:34.362797+00	98469373-766c-4f5c-864a-7b8c09ec783e	pavelgolman+160@gmail.com	active	admin		\N	+380501355772	t	f	d28ad885-0f3e-4ad7-b700-484aa8bc54ae	\N	\N	\N	\N	\N		\N
	\N	f	alextar21@gmail.com	Bruce	Stewart	f	t	2019-02-18 13:32:18.308747+00	844bb57d-0426-4573-90f3-50873c02bb95	2019-02-18 13:32:18.309025+00	2019-03-13 14:56:17.624198+00	bae5de62-8df4-4618-a696-93ed6da526b4	alextar21@gmail.com	active	owner	Mcleod	1974-01-24	+442072343456	f	t	da60ec57-1ee7-4cf4-8a04-e0b478af49eb	\N	male	\N	\N	\N		mr
	\N	f	mikhail.novikov+11@postindustria.com	fwerwe	etrterte	f	t	2019-03-02 13:32:13.459627+00	86da1264-d1ef-47c5-a9ce-0b1f42f24598	2019-03-02 13:32:13.462826+00	2019-03-05 10:55:33.260099+00	cbc0b27c-cd94-4307-8bce-a298a3fb78d7	mikhail.novikov+11@postindustria.com	blocked	sub_user		2001-01-01	+380932311069	f	f	1b901bc8-f14f-462b-9999-1a30613c8572	\N	male	\N	\N	\N		mr
	\N	f	rthgewqd@wehrtr.gg	ewrhrhg	erhtjte	f	t	2019-02-21 10:27:18.237939+00	5c2df3a8-4f64-4df2-95ad-e71fc8902791	2019-02-21 10:27:18.243508+00	2019-02-21 10:27:19.63863+00	4f732a97-dc04-4398-9b67-48a0d0ecd572	rthgewqd@wehrtr.gg	active	admin		\N		f	t	8c4d1073-76de-4e27-a0dd-2471abcd2d6c	\N	\N	\N	\N	\N		\N
	\N	f	qwertyu@qweeqwe.qw	wwere	hrtge	f	t	2019-02-21 12:23:16.659431+00	60ec1f98-4cea-4aaa-adac-17dd928b7925	2019-02-21 12:23:16.663229+00	2019-02-22 07:11:13.973487+00	aedc66ff-2a4e-43b6-8b00-f96a328fb3c8	qwertyu@qweeqwe.qw	active	sub_user		\N		f	t	0c0605c0-bc90-4707-a2a4-2c91b662a104	\N	\N	\N	\N	\N		\N
	\N	f	rgregeq@gererg.eg	ewgergew	weregerg	f	t	2019-02-22 07:11:30.112196+00	b1c335eb-47b0-4703-aa65-fce6472b3fff	2019-02-22 07:11:30.115433+00	2019-02-22 07:11:32.108928+00	8027b45e-88cf-4754-8d30-da04c161f3dc	rgregeq@gererg.eg	active	sub_user		\N		f	t	58c48f06-1bf6-4529-a4e2-b4b234e3669e	\N	\N	\N	\N	\N		\N
	\N	f	admiadmi@adm.in	efewf	ewwfw	f	t	2019-02-22 07:35:46.053629+00	b3cdb1ed-975c-439a-b91e-7eb9c2ae6101	2019-02-22 07:35:46.056642+00	2019-02-22 07:35:47.022925+00	0061475b-77f0-425e-a3ba-c70cc6d6568d	admiadmi@adm.in	active	admin		\N		f	t	c9deca2a-6553-464c-8f88-d47cd4fa0aa7	\N	\N	\N	\N	\N		\N
	\N	f	wefwefw@seegre.gw	wgerge	rthrtge	f	t	2019-02-22 07:47:23.881035+00	6f3282d3-cca6-42f0-8c5f-0aa673532a20	2019-02-22 07:47:23.884496+00	2019-02-22 07:47:25.230516+00	2322bb19-abe1-4b12-acf6-e59e6798cb3d	wefwefw@seegre.gw	active	sub_user		\N		f	t	2392c5cf-1560-49c1-88ab-d481e8f297e3	\N	\N	\N	\N	\N		\N
	\N	f	jytrtgr@erhgf.ef	eerhthg	trjytrhegf	f	t	2019-02-22 07:50:25.052852+00	a282eff2-7a13-42c9-bd83-d3d14f580ec2	2019-02-22 07:50:25.05603+00	2019-02-22 07:50:25.962015+00	ef1de591-3f47-4f70-b7df-9b96ead821ee	jytrtgr@erhgf.ef	active	sub_user		\N		f	t	f0518798-2aa7-475e-abc1-cbc349378964	\N	\N	\N	\N	\N		\N
	\N	f	ergreefw@wrgtrhr.ef	erhreweq	rterjrheg	f	t	2019-02-22 07:51:18.113538+00	6c382585-cd43-46d5-b133-4d1533482078	2019-02-22 07:51:18.116569+00	2019-02-22 07:51:19.426351+00	d7ef52fa-7f88-4f0a-8795-dbad413e1259	ergreefw@wrgtrhr.ef	active	sub_user		\N		f	t	d876c3aa-dda4-4a7a-95cc-9d36133c49c8	\N	\N	\N	\N	\N		\N
	\N	f	welkfmw@rgegre.gr	wegerg	erherherg	f	t	2019-02-22 07:53:50.378649+00	eb9c20b0-5af3-40f5-a6d1-f541a29aafe2	2019-02-22 07:53:50.381729+00	2019-02-22 07:53:51.261884+00	8d2050d6-e0c2-4d23-9323-e3737e6e6121	welkfmw@rgegre.gr	active	sub_user		\N		f	t	b8c03faf-b6c2-4419-a200-7bb69058b969	\N	\N	\N	\N	\N		\N
	\N	f	hmnehfgsd@hetrrgw.gw	ejyrthrgef	ertrjhewfd	f	t	2019-02-22 07:56:26.055425+00	3cd159ad-c859-4405-b465-f07084e05a76	2019-02-22 07:56:26.058626+00	2019-02-22 07:56:27.375411+00	00077654-a1e6-4f69-bf1c-b97418098b21	hmnehfgsd@hetrrgw.gw	active	sub_user		\N		f	t	1f02b9ab-6856-4507-b055-815524bf35da	\N	\N	\N	\N	\N		\N
	\N	f	rthrgewf@ewgewg.gh	retjtytrhee	erethgerg	f	t	2019-02-22 07:59:19.419343+00	6be456a1-ef47-4fc2-848b-d7a3eef9c83b	2019-02-22 07:59:19.423062+00	2019-02-22 07:59:20.729748+00	078c7441-8912-48e7-83ba-59b97b24a462	rthrgewf@ewgewg.gh	active	sub_user		\N		f	t	b53f79ff-67a0-402d-b0b3-6e71fa24cb17	\N	\N	\N	\N	\N		\N
	\N	f	omomdm@adnim.tet	qweqwe	wrwer	f	t	2019-02-22 10:47:08.784615+00	352b4c09-c14d-4f98-a2b6-f23e740f895c	2019-02-22 10:47:08.789019+00	2019-02-22 10:47:22.786264+00	cfc327d9-8e54-47b1-b1c7-cd4189aad155	omomdm@adnim.tet	active	admin		\N		f	t	ae58c42a-8728-4e48-b9f5-5e0cc1456e23	\N	\N	\N	\N	\N		\N
	\N	f	wegwegwe@hryjreve.ve	qwfqwfqw	qwwfwqfq	f	t	2019-03-14 12:44:48.015664+00	76fb5327-4615-4587-9826-2edebb23496f	2019-03-14 12:44:48.015969+00	2019-03-14 12:51:47.49057+00	1b2f86c2-499f-4760-98d7-b2a3e998a7c0	wegwegwe@hryjreve.ve	active	owner		2001-01-01	+380932311069	f	f	696db580-88e6-42ed-9704-83c66c96e981	\N	male	\N	\N	\N		mr
	\N	f	asfasf@ewgwg.gw	wegerg	rgr	f	t	2019-02-22 10:47:40.293358+00	05def290-b899-440f-bde2-967ba89a061b	2019-02-22 10:47:40.296523+00	2019-02-22 10:47:41.562544+00	2ae230ce-9231-4399-94a3-9cd9dc61d86e	asfasf@ewgwg.gw	active	admin	wrgre	\N		f	t	2618483a-dc9e-4713-a91c-9669e69bc39e	\N	\N	\N	\N	\N		\N
	\N	f	fdgdfg@geeww.gw	weweg	werheer	f	t	2019-02-22 10:48:48.401764+00	0a153ff8-5f32-42cb-bb10-4279ef5f7cff	2019-02-22 10:48:48.410056+00	2019-02-22 10:48:49.720361+00	625ad8ca-9f0d-442e-8533-ef48f5427e17	fdgdfg@geeww.gw	active	admin	wegwg	\N		f	t	b7b789a0-a1fc-4c80-b51e-afaf22de77d3	\N	\N	\N	\N	\N		\N
	\N	f	nikhail.novikov+4@postindustria.com	ewwrwe	wewwer	f	t	2019-02-22 15:08:18.817159+00	0d0e074b-0718-497c-9019-4071afb94ce9	2019-02-22 15:08:18.82019+00	2019-02-22 15:08:21.770387+00	00acc7a7-ad73-49b6-9151-5d6bc4774748	nikhail.novikov+4@postindustria.com	active	sub_user		\N		f	t	e76452ed-fc6a-4fc8-aa49-abd2298a8514	\N	\N	\N	\N	\N		\N
	\N	f	oleg@abc.com	Oleg	R	f	t	2019-02-22 20:02:02.1355+00	954e3d8f-bb81-4ca6-88dd-f7b04ffc1178	2019-02-22 20:02:02.135872+00	2019-02-22 20:03:07.537721+00	7b74a770-7e9e-44ac-b023-69af42fb61aa	oleg@abc.com	active	owner		1990-02-01	+445555555555	f	f	115b0b71-2293-4993-be6a-2e6dc39b7036	\N	\N	\N	\N	\N		\N
	\N	f	mikhail.novikov+2114@postindustria.com	firstname	lastname	f	t	2019-02-27 14:45:16.258815+00	c7951ad6-d950-4910-9c82-42903f8971c4	2019-02-27 14:45:16.25915+00	2019-02-28 13:42:31.055433+00	074a7f71-1e80-4739-afbf-7f707ec0327d	mikhail.novikov+2114@postindustria.com	active	owner		2001-01-04	+380932311069	f	f	14b392c9-9a2e-44bb-ad5b-a4c081ecb51b	AF	male	asfsaf	AL	2020-01-05	234234	mr
	\N	f	pavelgolman+201@gmail.com			f	t	2019-02-25 13:44:15.897053+00	d79f5180-a0c6-4ee8-8538-7c71124e6dc5	2019-02-25 13:44:15.897512+00	2019-02-25 13:44:15.914924+00	89310716-f214-4c6d-b1cf-c922429cf1f3	pavelgolman+201@gmail.com	active	owner		\N		f	f	7b620310-49bd-4281-9190-98d39a9af9b3	\N	\N	\N	\N	\N		\N
	\N	f	wegwegw@yjtrhege.fe			f	t	2019-02-26 06:22:22.305488+00	9831c723-4dcf-43d1-bc0f-1ee93a29f22b	2019-02-26 06:22:22.305836+00	2019-02-26 06:22:22.322435+00	ea1126cc-6bc0-4ba6-82ba-b9472c0c3a95	wegwegw@yjtrhege.fe	active	owner		\N		f	f	4a935a20-5d1c-4dc1-8e8d-95aa1a5d1eea	\N	\N	\N	\N	\N		\N
	\N	f	mikhail.novikov+8@postindustria.com			f	t	2019-02-26 08:31:18.478734+00	f0d1054a-dea8-48e9-a8fd-84e73e71c2fc	2019-02-26 08:31:18.479251+00	2019-02-26 08:35:57.909134+00	da068671-3eed-4c49-b523-cd4683d91306	mikhail.novikov+8@postindustria.com	active	owner		\N		f	t	6de48290-6fc4-420f-895e-202f41c1650a	\N	\N	\N	\N	\N		\N
	\N	f	ergergqwfw@gerhtrhwg.wg			f	t	2019-02-26 07:21:06.224811+00	14797652-68b3-4e3a-8797-d1581c30a003	2019-02-26 07:21:06.225119+00	2019-02-26 07:21:06.246339+00	a062e62a-f5b0-4588-b459-126b27ff0147	ergergqwfw@gerhtrhwg.wg	active	owner		\N		f	f	e9cb12ba-5db9-4708-8440-62646240c5c4	\N	\N	\N	\N	\N		\N
	\N	f	ergergwwq@ewgewgw.gg			f	t	2019-02-27 09:16:42.736566+00	2de65869-74fc-4c84-a9d6-d3d936201e0b	2019-02-27 09:16:42.736899+00	2019-02-27 09:27:13.267217+00	523763c8-01ec-4721-b631-6f3f47843d58	ergergwwq@ewgewgw.gg	active	owner		\N	+380932311069	f	f	cf71d880-55c5-47cb-9eb5-7fc7309500ec	\N	\N	\N	\N	\N		\N
	\N	f	mikhail.novikov+3@postindustria.com	Pasfwf	werwrgrreh	f	t	2019-02-22 13:41:34.904547+00	3b2dcf04-9be2-4ce8-a177-8e4b9b79635f	2019-02-22 13:41:34.907433+00	2019-02-26 08:45:44.390584+00	d196a196-fad9-466c-8410-fdb0b1630e8b	mikhail.novikov+3@postindustria.com	active	sub_user		\N		f	t	c6fc076c-79d9-4ec9-b2be-7f3a5228aa62	\N	\N	\N	\N	\N		\N
	\N	f	rwgwg1@ewgweg.wg			f	t	2019-02-27 12:40:26.726853+00	243885d0-23f2-47b8-a06c-4d4b4d7b491d	2019-02-27 12:40:26.727143+00	2019-02-27 12:40:26.745522+00	0cb1f429-e951-4876-aac3-14c5b47672a8	rwgwg1@ewgweg.wg	active	owner		\N		f	f	49083a70-e93a-48e3-b426-d61d4083344e	\N	\N	\N	\N	\N		\N
	\N	f	mikhail.novikov+34234@postindustria.com	eegweg	wrgerg	f	t	2019-03-01 09:04:56.534792+00	04ade93f-50e3-4ebd-b94c-15cf04a1a443	2019-03-01 09:04:56.537972+00	2019-03-01 12:37:10.444381+00	de2ff41a-a81e-49f0-941f-1c5b8b1fde2f	mikhail.novikov+34234@postindustria.com	active	sub_user		2001-01-01	+380932311069	f	f	274d6597-6b07-4429-98a8-7ee80e43e20f	\N	male	\N	\N	\N		mr
	\N	f	mikhail.novikov+312@postindustria.com	werhe	thrthre	f	t	2019-03-01 14:39:03.984644+00	ad2f128e-4928-479f-87e0-606cb391998d	2019-03-01 14:39:04.006615+00	2019-03-01 14:41:11.159822+00	d5e96fae-32d6-4070-9407-30c32e572eb0	mikhail.novikov+312@postindustria.com	active	sub_user		2001-01-01	+380932311069	f	f	1c14d1db-ee5b-45bf-a90f-4557304db8b2	\N	male	\N	\N	\N		mr
	\N	f	pavelgolman+331@gmail.com	Pavel	Golman	f	t	2019-03-01 18:03:51.723059+00	a0ca5929-5fbe-40d9-b9c7-a11f9783faa9	2019-03-01 18:03:51.726233+00	2019-03-01 18:03:52.927546+00	42ec0cac-1e90-4882-b0b8-f1a11c8c1b22	pavelgolman+331@gmail.com	active	sub_user		\N		f	t	2fd98f56-a53a-4336-b317-c810184326d1	\N	\N	\N	\N	\N		\N
	\N	f	mikhail.novikov+121209@postindustria.com			f	t	2019-03-04 06:42:55.71779+00	88215d5c-2ea4-4f12-b639-4feadc64f293	2019-03-04 06:42:55.718135+00	2019-03-04 06:42:55.738089+00	085ba993-fb3b-497a-a851-0e59b80e2c74	mikhail.novikov+121209@postindustria.com	active	owner		\N		f	f	7f57679d-ad90-4408-a3d2-450a547eed5d	\N	\N	\N	\N	\N		\N
	\N	f	regerggw@shher.eh	wrgerh	errhethre	f	t	2019-02-21 10:26:54.631335+00	bdb7b259-b625-42af-a5bd-dbf71cc252f4	2019-02-21 10:26:54.634884+00	2019-03-28 13:18:32.497329+00	f46c5389-b19f-44f7-8722-11dc1eef0422	regerggw@shher.eh	blocked	admin		\N		f	t	a8157653-1f22-442e-9d49-d764bc70a26b	\N	\N	\N	\N	\N		\N
	\N	f	mikhail.novikov+45454@postindustria.com	weqwe	qwrwqwewq	f	t	2019-03-04 11:29:33.898394+00	19bc2201-1bff-4665-9ec7-5fb8993133ce	2019-03-04 11:29:33.901742+00	2019-03-04 11:38:56.792236+00	4c16e821-862b-4fbe-9f3a-223c5164543b	mikhail.novikov+45454@postindustria.com	active	sub_user		2001-01-01	+441212121212	f	f	560063b2-d5ff-479c-bd17-856dfb511c91	AL	male	asdasd	AS	2022-01-01	dqwdqwd	mr
	\N	f	mikhail.novikov+989@postindustria.com	wwwrwr	wewer	f	t	2019-03-04 13:14:45.716195+00	fd8cf933-1c69-4e2b-b9f1-46691d5363c2	2019-03-04 13:14:45.719676+00	2019-03-04 13:15:56.570536+00	583fc63e-66ac-4862-9cc4-5b3ba353babd	mikhail.novikov+989@postindustria.com	active	sub_user		\N		f	t	09065ae3-3858-4423-86da-c54ae4425398	\N	\N	\N	\N	\N		\N
	\N	f	mikhail.novikov+bs11@postindustria.com	wegegw	ewgrge	f	t	2019-03-05 13:59:43.150651+00	2c8ff575-9cd8-4db9-98b6-d3aebd899ad1	2019-03-05 13:59:43.154478+00	2019-03-06 07:33:00.721917+00	2ed5ddb8-2c33-4c21-bd8c-ab24b98d81d8	mikhail.novikov+bs11@postindustria.com	blocked	sub_user		\N	+380932311069	t	f	4a6f4437-40a0-47be-b4ed-56ebe6964c03	\N	\N	\N	\N	\N		\N
	\N	f	asfasfyjtrhe@jhrwefqgwe.ge			f	t	2019-03-07 08:17:51.051002+00	4837b7c2-f9d6-48ad-bd17-d744af8f07bb	2019-03-07 08:17:51.051279+00	2019-03-07 08:24:22.539711+00	a786f787-5d0d-41e4-a116-a2879485a4c8	asfasfyjtrhe@jhrwefqgwe.ge	active	owner		\N	+445555555555	f	f	9323450e-6cb5-4088-8505-e507043e9e0d	\N	\N	\N	\N	\N		\N
	\N	f	mikhail.novikov+34645@postindustria.com	ryewr	sdgsdg	f	t	2019-03-04 14:09:17.16636+00	b7c81d54-7bde-4497-8f47-1c9bf874ddb5	2019-03-04 14:09:17.16674+00	2019-03-12 14:24:57.973172+00	95f4af4a-9819-4243-84bc-b4eee8aefcc4	mikhail.novikov+34645@postindustria.com	active	owner		2001-01-01	+445555555555	f	t	d3227dd0-fd28-40c5-b9bb-db3c5428350b	\N	male	\N	\N	\N		mr
	\N	f	mikhail.novikov+baawe@postindustria.com	agsdgg	wwgre	f	t	2019-03-07 09:23:35.584118+00	9609f213-bdae-4ab3-b8b8-3030a7202349	2019-03-07 09:23:35.587712+00	2019-03-07 09:24:20.001357+00	796b4612-d333-4912-a585-92ac4175bec6	mikhail.novikov+baawe@postindustria.com	active	sub_user	weg	\N		f	t	5b691788-a156-4bb6-8069-a9551afc0b43	\N	\N	\N	\N	\N		\N
	\N	f	mikhail.novikov+98@postindustria.com	ewfwef	efwef	f	t	2019-03-04 13:18:45.837743+00	48eb9f3a-0565-4514-929b-3abe4dcaee8e	2019-03-04 13:18:45.841349+00	2019-03-04 13:19:22.478898+00	d07727ce-047e-488d-a0fb-fe860e7c7e75	mikhail.novikov+98@postindustria.com	active	sub_user		\N		f	t	11683c0d-82ec-486e-89ca-156fd3789967	\N	\N	\N	\N	\N		\N
	\N	f	odmin@odmin.test	wqe	qwe	f	t	2019-03-02 20:23:41.936726+00	8475f12b-e51b-4b12-83bb-f60ceecb8c7b	2019-03-02 20:23:41.940661+00	2019-03-02 20:25:34.091468+00	2e668c2e-5d4a-4bae-96c7-b7db8be83feb	odmin@odmin.test	active	admin		2001-01-01	+445555555555	f	f	961e0263-1297-4008-9327-e78db17574a3	\N	male	\N	\N	\N		mr
	\N	f	mikhail.novikov@postindustria.com			f	t	2019-03-12 07:00:19.366849+00	fd250725-81e6-4f47-acdf-a1e118cb4499	2019-03-12 07:00:19.367368+00	2019-03-12 07:03:55.482811+00	5a0b8892-3a34-4d08-9a5f-42368e949b9e	mikhail.novikov@postindustria.com	active	owner		\N	+445555555555	f	f	e1cbd14f-d6ba-4bef-8243-9fb6231cf260	\N	\N	\N	\N	\N		\N
	\N	f	mikhail.novikov+dsv+123@postindustria.com	egwg	wegwegw	f	t	2019-03-11 09:06:30.908712+00	55d17dbb-348f-469d-9e0a-8a73bbc931f1	2019-03-11 09:06:30.912552+00	2019-03-11 09:06:30.944585+00	a09561c8-ba97-4df0-9303-5c485f065401	mikhail.novikov+dsv+123@postindustria.com	pending	sub_user		\N		f	t	c7962483-2463-4576-aa59-85a48263359d	\N	\N	\N	\N	\N		\N
	\N	f	utkjyrhegf@rertmtyre.fe	wererge	erthtjyrth	f	t	2019-03-14 17:33:56.812731+00	e5a82db4-11f9-42c1-98cd-aea889d52002	2019-03-14 17:33:56.816446+00	2019-03-14 17:33:56.826608+00	a290946c-0120-4eb3-b333-bbae18f5ee4b	utkjyrhegf@rertmtyre.fe	pending	admin		\N		f	t	f36a6fc0-9842-4f26-902a-107db30a6fa9	\N	\N	\N	\N	\N		\N
	\N	f	mikhail.novikov+bs22@postindustria.com	egwegw	hterhvw	f	t	2019-03-11 09:41:59.706906+00	c60c722c-38f8-4ec8-985f-1c8a86cd3011	2019-03-11 09:41:59.710635+00	2019-03-11 09:41:59.746958+00	bff3a729-c689-4dcb-a235-cf8ea79e56bc	mikhail.novikov+bs22@postindustria.com	pending	sub_user		\N		f	t	396b9e33-1cb6-4e59-b6c1-22ed9c86a175	\N	\N	\N	\N	\N		\N
	\N	f	mikhail.novikov+1187@postindustria.com	sdgdhw	fddhdfh	f	t	2019-03-04 14:14:53.327175+00	f87d736d-167f-45ae-b9d3-f80422601e4d	2019-03-04 14:14:53.331071+00	2019-03-04 14:45:54.203878+00	d0ea15cf-b90c-4973-87fb-0e9bccbd3856	mikhail.novikov+1187@postindustria.com	active	sub_user		\N		f	t	b130533f-92b9-489e-90aa-a717fd84e0a4	\N	\N	\N	\N	\N		\N
	\N	f	eewgeg@reherhre.as	wegewg	weegewg	f	t	2019-03-14 12:52:16.448872+00	1a508858-fb0b-4dc4-a344-27e0a701b9fc	2019-03-14 12:52:16.449205+00	2019-03-14 12:53:09.673348+00	1991fc94-1d46-4987-b624-bc291dfa9bee	eewgeg@reherhre.as	active	owner		2001-01-01	+380555555555	f	f	7900b36b-2556-4985-85aa-6cbb69f59263	\N	male	\N	\N	\N		mr
	\N	f	mikhail.novikov+qwe3@postindustria.com	wegweg	ewgwg	f	t	2019-03-11 10:16:15.943909+00	3d64ea27-b405-4b6a-98c0-80e9df508bb0	2019-03-11 10:16:15.947606+00	2019-03-11 10:16:15.980332+00	f1a52263-0a25-4a9b-b7dc-8f89a24cded7	mikhail.novikov+qwe3@postindustria.com	pending	sub_user		\N		f	t	5e3904b4-1bae-4a89-9887-e6866e8ac367	\N	\N	\N	\N	\N		\N
	\N	f	alextar.21+admin@gmail.com	Alexander	Tarasenko	f	t	2019-03-14 15:21:06.616038+00	69565193-21b4-4b09-8b25-65068ef18bad	2019-03-14 15:21:06.620089+00	2019-03-14 15:30:20.909335+00	e1b0428e-9157-4da2-a8fb-164df6c5e91e	alextar.21+admin@gmail.com	active	admin	test	\N		f	t	7556e22a-cff1-4948-9e41-d690b6dab1d3	\N	\N	\N	\N	\N		\N
	\N	f	alextar.21+3admin@gmail.com	Alexander	Tarasenko	f	t	2019-03-14 16:10:39.650896+00	6b3f8b6d-28e8-485a-b74d-823c3cc09cd0	2019-03-14 16:10:39.654747+00	2019-03-14 16:10:39.666612+00	42524a7f-deda-4b9c-84a3-52bc73691884	alextar.21+3admin@gmail.com	pending	admin		\N		f	t	6a331cb1-8411-41bb-b219-ff96074c7d8c	\N	\N	\N	\N	\N		\N
	\N	f	wrejnew@weegweg.wg	wegwe	wegw	f	t	2019-03-14 17:28:42.52275+00	b23c9b95-422c-4195-a0e2-f5bb339a75b6	2019-03-14 17:28:42.526378+00	2019-03-14 17:28:42.537002+00	d570d55f-f131-4265-9874-71da3924e1ad	wrejnew@weegweg.wg	pending	admin		\N		f	t	86227b28-7f29-48d7-8b14-ef70857de23a	\N	\N	\N	\N	\N		\N
	\N	f	hrtewf@rgwef.he	ewgerg	thergww	f	t	2019-03-14 17:39:15.023662+00	bf1206ac-3cef-40b2-ad1a-76a4c7055d95	2019-03-14 17:39:15.035466+00	2019-03-14 17:39:15.046955+00	d7cc7be2-cacb-41e4-9f27-06441b3c4e70	hrtewf@rgwef.he	pending	admin		\N		f	t	3e589203-60e4-429c-8022-ebbf435de724	\N	\N	\N	\N	\N		\N
	\N	f	mikhail.novikov+340909@postindustria.com	mico	belic	f	t	2019-03-04 06:44:26.974267+00	6b7b5db9-f596-42e6-aa40-4585f7ffd5b5	2019-03-04 06:44:26.974746+00	2019-03-04 07:21:22.971517+00	47609aef-5fde-48e7-b5d3-e4fdd08f4483	mikhail.novikov+340909@postindustria.com	active	owner		2001-01-02	+380932311065	f	f	054c662f-d67d-40fc-b688-23df1f5f0567	\N	male		\N	\N		mr
	\N	f	mikhail.novikov+bsb@postindustria.com	qwrtrehw	gerhheww	f	t	2019-03-06 10:50:44.594267+00	75943970-e687-4aee-af62-7d6f01d10fec	2019-03-06 10:50:44.59461+00	2019-03-06 11:54:30.334085+00	d92551fb-2165-429a-a237-4785b42f7ab9	mikhail.novikov+bsb@postindustria.com	active	owner		2001-01-01	+445555555555	f	t	9c64d4d1-4984-4343-9587-020d477464f7	AF	male	\N	\N	\N		mr
	\N	f	subuser1@test.test	qwrqwr	ewqer	f	t	2019-03-12 13:40:20.885523+00	447ae1f3-d356-459f-96c6-598c4191efef	2019-03-12 13:40:20.889549+00	2019-03-12 13:40:20.925936+00	9457910e-be27-4cbe-80c5-c220cd0b99eb	subuser1@test.test	pending	sub_user		\N		f	t	74aaa060-7688-437f-b8e2-05639720f0cc	\N	\N	\N	\N	\N		\N
	\N	f	mikhail.novikov+111@postindustria.com	rwewe	wrgwgr	f	t	2019-03-04 12:08:57.851376+00	04016f9f-cf4c-46e7-b4d9-be3750d96524	2019-03-04 12:08:57.85478+00	2019-03-04 12:17:37.953191+00	72a7610b-e5e9-4c99-9569-2db46314f3ae	mikhail.novikov+111@postindustria.com	active	sub_user		\N		f	t	5991447f-050f-4c53-922a-f4fdedaa0633	\N	\N	\N	\N	\N		\N
	\N	f	mikhail.novikov+234234@postindustria.com	qweqwe	qweqweq	f	t	2019-03-05 10:59:04.988584+00	8dba66b2-2851-4a7e-a3fb-b46ecf570407	2019-03-05 10:59:04.988956+00	2019-03-11 12:21:11.270065+00	0887a128-5c1c-4b92-b210-d44691fbd716	mikhail.novikov+234234@postindustria.com	active	owner		2001-01-04	+445555555555	f	f	7e0f7ecd-3d32-4e90-83ed-27b1651e830f	AL	male	ssdgsdg	AD	2023-01-01	erhertherheheerh	mr
	\N	f	mikhail.novikov+5632@postindustria.com	Micoq	Belicq	f	t	2019-02-12 09:34:24.047897+00	00163068-1862-4ac4-b0b4-34dc2c5098d4	2019-02-12 09:34:24.048154+00	2019-03-11 13:10:44.224996+00	a4331084-8870-4b6e-bda5-1076f243755a	mikhail.novikov+5632@postindustria.com	active	owner		2001-01-01	+445555555555	f	f	e47a951a-90dd-49fc-8857-f35c803473de	AW	male	dfsfsdf	BH	2024-01-05	egergerg	mr
	\N	f	htrgf32s@ewte2gw.fg	whrtjr	tukyjthe	f	t	2019-03-12 13:41:37.764233+00	64c456ca-2e5b-4f84-8ca2-71d886a9c1e0	2019-03-12 13:41:37.767748+00	2019-03-12 13:41:37.796937+00	0875f8d4-5974-4a00-b82c-0c6414daf182	htrgf32s@ewte2gw.fg	pending	sub_user	qwtk	\N		f	t	0e25c473-6a8e-4e43-af93-957359eecc1a	\N	\N	\N	\N	\N		\N
	\N	f	alextar.21@gmail.com	Alexander	Tarasenko	f	t	2019-02-08 09:31:42.669888+00	b2e80aa0-e05a-4753-8bd0-c444ce6a3fa6	2019-02-08 09:31:42.670157+00	2019-02-08 09:33:17.957166+00	0d64defd-baba-442b-b295-864be88f2b53	alextar.21@gmail.com	active	owner	Alexandrovich	1982-11-21	+380637595740	f	f	6d09c8b4-2eea-4998-bbef-1c799bfbfc62	\N	\N	\N	\N	\N		\N
	\N	f	qweqweqwe@qwqwqrw.qr	wewerwer	wewewe	f	t	2019-03-14 18:21:20.78575+00	723f87b5-5d0a-44a3-a08f-beb0e0f79514	2019-03-14 18:21:20.789587+00	2019-03-14 18:21:20.803083+00	599cdfd3-3830-4f43-b6ff-c3bbee675ff1	qweqweqwe@qwqwqrw.qr	pending	admin		\N		f	t	fa33e866-bfb1-4716-b536-a21f9bbb0597	\N	\N	\N	\N	\N		\N
	\N	f	yrjherfdqfw@qewgrh.eh	qeger	erheethr	f	t	2019-03-12 14:01:05.817897+00	a35b3016-b667-43dc-9964-1ac622af4165	2019-03-12 14:01:05.82569+00	2019-03-12 14:01:05.875452+00	588abac7-17c4-4d23-b5c1-568c3a59347b	yrjherfdqfw@qewgrh.eh	pending	sub_user		\N		f	t	1087a9ae-458d-4001-803b-079b0ffcc8cb	\N	\N	\N	\N	\N		\N
	\N	f	mikhail.novikov+666s@postindustria.com	wrgegw	rhetheet	f	t	2019-03-13 06:53:08.512992+00	870855d9-eb98-4b66-a5e6-95e7eda8ea25	2019-03-13 06:53:08.517249+00	2019-03-13 07:00:30.13438+00	ea6c6313-1033-4653-b83d-f92539b15bbe	mikhail.novikov+666s@postindustria.com	active	sub_user	werh	\N	+445555555555	f	t	04fdd095-45b4-4428-af2d-e7729a5c8d1a	\N	\N	\N	\N	\N		\N
	\N	f	mikhail.novikov+888@postindustria.com	fqfqf	wegweg	f	t	2019-03-14 17:22:16.489333+00	72612f25-5abc-43da-8b6c-960fd5d5ec2e	2019-03-14 17:22:16.493404+00	2019-03-14 19:07:22.62105+00	51273491-7b42-4a2a-9523-95fb2ece27e4	mikhail.novikov+888@postindustria.com	active	admin		\N		f	t	9fb0205b-e4c6-480e-b85c-b47029154090	\N	\N	\N	\N	\N		\N
	\N	f	mperepelitsa@lohika.com	Max	Perepelitsa	f	t	2019-03-19 17:46:34.839792+00	e5cb9ea2-2698-4ed3-a368-288e086481db	2019-03-19 17:46:34.840138+00	2019-03-19 17:48:45.396615+00	89936c86-5dff-4fb7-9527-b5830dfe588e	mperepelitsa@lohika.com	active	owner		1985-07-28	+380952881531	f	f	057034cd-6151-43a9-ab69-3309440d7b33	\N	\N	\N	\N	\N		\N
	\N	f	mikhail.novikov+eqw@postindustria.com	ewegweg	wfegweg	f	t	2019-03-13 12:00:15.032393+00	e402a1f9-4054-4a1d-aac8-a1fd3d4d6928	2019-03-13 12:00:15.032927+00	2019-03-13 12:00:57.22437+00	a2e39c86-52da-4283-a842-10cc1b3b4980	mikhail.novikov+eqw@postindustria.com	active	owner		2001-01-01	+380555555555	f	f	09079b5a-f71a-42a3-94b5-d25f8a65da82	\N	male	\N	\N	\N		mr
	\N	f	igor.isay2@gmail.com	John	Doe	f	t	2019-03-27 09:47:22.482263+00	5b5ef80e-a718-401b-9d2c-00824dbc8aea	2019-03-27 09:47:22.482679+00	2019-03-27 09:49:02.982548+00	ae4c331d-31fa-42a8-ac8b-4470a00edf6f	igor.isay2@gmail.com	active	owner		1990-02-28	+380662089940	f	f	1bb21ef4-5d20-4b73-9056-5bd21332f14a	\N	\N	\N	\N	\N		\N
	\N	f	alextar.21+3@gmail.com			f	t	2019-03-13 15:21:35.601428+00	3c011ff3-f9d4-4783-8e20-749b332ea6ff	2019-03-13 15:21:35.601941+00	2019-03-13 18:15:12.024854+00	1554ca58-97b1-4540-a431-3fb9a8945a3b	alextar.21+3@gmail.com	active	owner		\N	+380637595740	t	t	b36a6013-2f26-4b41-82b4-0593387756a3	\N	\N	\N	\N	\N		\N
	\N	f	john.doe@gmail.com	John	Doe	f	t	2019-03-27 12:08:38.596663+00	17ea3c33-26db-4651-b466-de347667a7b3	2019-03-27 12:08:38.596991+00	2019-03-27 12:09:29.772114+00	0d947df2-83ed-4558-a303-6f67bbe3a46a	john.doe@gmail.com	active	owner		1991-03-13	+441234132412	f	f	5bf4bc9e-6036-4c49-aa88-e038caff9293	\N	\N	\N	\N	\N		\N
	\N	f	andrew.druchenko@postindustria.com			f	t	2019-03-27 14:52:00.27106+00	322c5a1a-e02a-444f-8338-851dc6832763	2019-03-27 14:52:00.271515+00	2019-03-27 15:18:26.531255+00	76255b32-4140-42b0-aaa2-010cd75a177a	andrew.druchenko@postindustria.com	active	owner		\N		f	t	10c88ef9-51ec-4dee-835d-d4d348207c0d	\N	\N	\N	\N	\N		\N
	\N	f	sdegsdg@asgasg.ag	wergweg	weeg	f	t	2019-03-28 13:18:15.65926+00	dcc85c91-6c0c-4225-8303-c2f318abf2f8	2019-03-28 13:18:15.663063+00	2019-03-28 13:18:15.675562+00	bb661667-b9af-4b9a-97fb-0a543bd3d070	sdegsdg@asgasg.ag	pending	admin	qwew	\N		f	t	9a822fcf-2f22-4e6a-9ce2-8c8f5225f833	\N	\N	\N	\N	\N		\N
	\N	f	test@gmail.com			f	t	2019-03-29 13:11:29.890018+00	080fe038-96e6-4c8e-a1b8-15540ff3295f	2019-03-29 13:11:29.890304+00	2019-03-29 13:11:29.909795+00	bac5f516-2111-46cf-8430-59073b738720	test@gmail.com	active	owner		\N		f	f	6fcdd390-09d8-4374-9905-987881d95953	\N	\N	\N	\N	\N		\N
	\N	f	wwwqwdqfq@wegwegw.wf	wegwgw	wherhe	f	t	2019-03-12 14:00:21.398783+00	aa03592b-b88b-415e-adef-7f106a116a52	2019-03-12 14:00:21.40235+00	2019-04-08 16:37:46.282405+00	509844f0-13f5-4c0a-9a06-8c68b7ee0a33	wwwqwdqfq@wegwegw.wf	pending	sub_user		\N		f	t	a00fce9c-08a5-449c-b8b4-93c03fc307dc	\N	\N	\N	\N	\N		\N
	\N	f	asasfasf@sdghgs.gs			f	t	2019-03-04 08:55:13.625037+00	c61dc8ee-992c-4872-a30c-f52c58834cc2	2019-03-04 08:55:13.625337+00	2019-03-04 08:55:13.641156+00	4c5c24e3-0593-4269-bf04-1556c90ac85f	asasfasf@sdghgs.gs	active	owner		\N		f	f	bac0b2a2-de5e-48ef-b70a-9b414e841d1d	\N	\N	\N	\N	\N		\N
	\N	f	fqfqwf@ewgwegwwg.wg	qegweg	wegw	f	t	2019-03-12 13:41:16.64565+00	8e4e6344-2a87-4b06-9e18-6ccb8a4b94d9	2019-03-12 13:41:16.649153+00	2019-03-12 13:41:16.678185+00	8b38b655-e540-4406-96cf-c511a6d169c8	fqfqwf@ewgwegwwg.wg	pending	sub_user		\N		f	t	9e799a8d-9a82-43b3-8d0a-01d05ff248cc	\N	\N	\N	\N	\N		\N
	\N	f	sfasfas@nrtevr.br			f	t	2019-03-14 12:43:48.849141+00	6dab7eb9-5cba-4b20-b976-da86d9ca11b4	2019-03-14 12:43:48.849627+00	2019-03-14 12:44:08.138934+00	721575bb-d4fb-4807-8327-24bfcdd51c78	sfasfas@nrtevr.br	active	owner		\N	+380932311069	f	f	7cb36715-67f3-4340-b1b6-c8aa1673d1a1	\N	\N	\N	\N	\N		\N
	\N	f	rjtewff@retjkuty.eg	errtjme	etjrter	f	t	2019-03-12 13:41:47.513507+00	25182ae7-3187-4d12-803b-370a13815d26	2019-03-12 13:41:47.517254+00	2019-03-12 13:41:47.549648+00	90f5d39a-e9f2-4fe2-a4a4-6497acfd16e9	rjtewff@retjkuty.eg	pending	sub_user		\N		f	t	703a9a2f-529a-498d-b4af-3e22a36a8ad9	\N	\N	\N	\N	\N		\N
	\N	f	mikhail.novikov+432@postindustria.com	nuuasd	safssf	f	t	2019-03-04 13:19:43.632085+00	293c12c5-bb6c-43ee-9d40-9d50917704a9	2019-03-04 13:19:43.632524+00	2019-03-04 14:08:07.65972+00	9445c50c-45d0-4871-9e03-8f5e7dc0294f	mikhail.novikov+432@postindustria.com	active	owner		2001-01-01	+380932311069	f	f	8a8cbeb4-a854-4881-a4ca-8eee10d7d692	DZ	male	\N	\N	\N		mr
	\N	f	waaksaamer@hotmail.com	bruce	stewart	f	t	2019-03-06 15:04:39.834066+00	11f4487d-3bb1-4c20-bcc3-366a8813844b	2019-03-06 15:04:39.834469+00	2019-03-06 15:13:14.453389+00	67a19ef9-376d-48fd-8899-4c0bf4aff6a2	waaksaamer@hotmail.com	active	owner		1974-01-24	+447713711823	t	f	8a6d5e43-0caa-455d-96af-6201dc3d7bde	ZW	male	reed	\N	\N		mr
	\N	f	mikhail.novikov+44@postindustria.com			f	t	2019-03-04 15:03:37.889248+00	71e91daa-3d4a-40a1-860c-89ac909979ae	2019-03-04 15:03:37.889545+00	2019-03-04 15:03:37.908323+00	18036281-01ed-49c9-a28a-6c170ae07380	mikhail.novikov+44@postindustria.com	active	owner		\N		f	f	69d5745a-63f1-4c22-8796-18b9a8e6bf21	\N	\N	\N	\N	\N		\N
	\N	f	wegwegwfq@egweg.gg	wegweg	qwgwgweg	f	t	2019-03-12 14:00:39.787348+00	2208d2ec-8529-40e4-acd6-8dd6cb3aee78	2019-03-12 14:00:39.791145+00	2019-03-12 14:00:39.833701+00	b9c772f8-1d04-4e2c-8c3e-4e5ca71d4c54	wegwegwfq@egweg.gg	pending	sub_user		\N		f	t	59f12ef4-6037-4da4-91d2-2090f73a0268	\N	\N	\N	\N	\N		\N
	\N	f	alextar.21+6admin@gmail.com			f	t	2019-03-14 18:14:49.979722+00	8a95f845-a23c-4f68-8fcb-2d756311b88f	2019-03-14 18:14:50.155471+00	2019-03-14 18:14:50.833423+00	8423dac1-02a3-40ce-b824-e8012d1b5288	alextar.21+6admin@gmail.com	pending	admin		\N		f	t	9b4cc671-965e-4cda-8712-869b67da4fe4	\N	\N	\N	\N	\N		\N
	\N	f	mikhail.novikov+we83@postindustria.com	asvava	asvas	f	t	2019-03-07 09:52:37.66356+00	78d65222-3417-4752-8513-0a749418f174	2019-03-07 09:52:37.663939+00	2019-03-07 09:58:32.10962+00	5c868637-87db-49e4-bd34-fcc20ad35208	mikhail.novikov+we83@postindustria.com	active	owner		2001-01-01	+445555555555	f	f	522e1cac-c107-4d6d-91cd-304c336fce8a	AS	male	aeesdg	AL	2021-01-01	asfasfasf	mr
	\N	f	mikhail.novikov+b1@postindustria.com	fwsfssf	wewegweg	f	t	2019-03-05 11:01:41.577204+00	a70ae86f-ccb0-4c20-b797-44549c1d6f24	2019-03-05 11:01:41.577512+00	2019-03-05 11:41:49.71722+00	3eb8113a-d0ae-4d01-b9b3-1736f07f6e05	mikhail.novikov+b1@postindustria.com	active	owner		2001-01-01	+445555555555	f	f	5c452d9c-8a6e-4c04-a63c-a71c0ece3c1e	AS	male	asfasf	AF	2023-01-01	asfasfa	mr
	\N	f	rgewwweg@egwegweg.qf	gwegwe	wegrgwe	f	t	2019-03-14 12:53:31.893034+00	2dfd78d8-6685-4b89-b0d3-4f8688a48ba1	2019-03-14 12:53:31.893327+00	2019-03-14 12:55:17.294227+00	623d91fb-83bd-4100-bf6f-7adfb893e129	rgewwweg@egwegweg.qf	active	owner		2001-01-01	+380932311069	f	f	ef3f4ec1-7d7c-4b66-9e63-4fe4e8e84344	\N	male	\N	\N	\N		mr
	\N	f	mikhail.novikov+dsv098@postindustria.com	ewgweg	wegweg	f	t	2019-03-11 09:11:09.046343+00	e6f3be8a-9882-4fb0-8500-06725c50d8d6	2019-03-11 09:11:09.050038+00	2019-03-11 09:11:09.086796+00	16f9a0c6-e667-4f76-a55f-5acccc24837c	mikhail.novikov+dsv098@postindustria.com	pending	sub_user		\N		f	t	83bdcc3b-d837-4b6a-bfce-c867603f38aa	\N	\N	\N	\N	\N		\N
	\N	f	pavelgolman+490@gmail.com			f	t	2019-03-11 09:51:08.714933+00	bc66633c-4fab-4559-81af-360c897b0aa8	2019-03-11 09:51:08.715266+00	2019-03-11 09:51:08.730593+00	4b85e601-f5d4-4961-b2ee-4064cbfbe3d5	pavelgolman+490@gmail.com	active	owner		\N		f	f	50d6b25e-6ac4-4330-bb58-e933ecba6d27	\N	\N	\N	\N	\N		\N
	\N	f	alextar.21+admin1@gmail.com	Alexander	Tarasenko	f	t	2019-03-14 15:29:25.972851+00	bfcba728-f659-4c7a-b88a-aa075acf922a	2019-03-14 15:29:25.976719+00	2019-03-14 15:29:25.988309+00	e4344b66-09cc-4010-bbb9-7b05820717f5	alextar.21+admin1@gmail.com	pending	admin	test	\N		f	t	760946ad-6808-458d-adf0-c954dfa3c90f	\N	\N	\N	\N	\N		\N
	\N	f	mikhail.novikov+test@postindustria.com	qweefwg	egweg	f	t	2019-03-11 11:25:18.641792+00	df5106ae-8f78-415c-9455-6244c90e18a5	2019-03-11 11:25:18.646244+00	2019-03-11 11:26:26.753064+00	ff476081-9eb4-45fb-aa4b-42bd7e7fbf48	mikhail.novikov+test@postindustria.com	active	sub_user		\N		f	t	15d0ce7e-b165-4f04-aa26-43d145ab6475	\N	\N	\N	\N	\N		\N
	\N	f	alextar.21+subuser@gmail.com	Alexander	Tarasenko	f	t	2019-03-14 16:12:26.169326+00	6a73fad1-c2d9-4490-a8c4-b60d6c976acb	2019-03-14 16:12:26.173148+00	2019-03-14 16:12:26.207066+00	c0b79124-0e33-4879-b889-eb2a1a4f5ddb	alextar.21+subuser@gmail.com	pending	sub_user	test	\N		f	t	a2b20477-bf5f-4093-a86c-b1e0d2615168	\N	\N	\N	\N	\N		\N
	\N	f	gwegweg@wegether.gr	rgwerge	rgerg	f	t	2019-03-14 17:25:24.396129+00	26d52fae-97d2-4642-acd6-bcd65ef633d4	2019-03-14 17:25:24.399887+00	2019-03-14 17:25:24.41124+00	5005821b-790d-466f-b10d-17fd4be3919f	gwegweg@wegether.gr	pending	admin		\N		f	t	29e34bbe-a4a8-4875-9aeb-1a4c80d98317	\N	\N	\N	\N	\N		\N
	\N	f	ejfnwljef@wrrwge.wg	weegwe	hthrewew	f	t	2019-03-14 17:30:10.472574+00	6bc29815-6f80-4e5d-9a06-906e71cf0687	2019-03-14 17:30:10.476329+00	2019-03-14 17:30:10.487281+00	f9d55287-958e-456b-9952-2d6e3a0ebe35	ejfnwljef@wrrwge.wg	pending	admin		\N		f	t	ef55bc6e-2af2-4cfc-b7c9-ac593082357c	\N	\N	\N	\N	\N		\N
	\N	f	pavelgolman+144@gmail.com			f	t	2019-02-18 12:52:21.372579+00	742d9566-a7a9-4253-adb4-80b2c380d746	2019-02-18 12:52:21.374853+00	2019-02-18 12:52:22.376745+00	6fc673b4-e05f-4cee-9c2d-0ec908cb8dbd	pavelgolman+144@gmail.com	active	owner		\N		f	f	dc9f6e14-ba20-4d3f-b1b8-6b223e71764a	\N	\N	\N	\N	\N		\N
	\N	f	pavelgolman+574@gmail.com			f	t	2019-03-12 09:59:47.044677+00	867a1433-d0fd-42f2-8a2e-5bbc56e5ba40	2019-03-12 09:59:47.045039+00	2019-03-14 12:17:20.12955+00	1e6c3f8f-93cc-4dc3-8e20-9b48a3a66676	pavelgolman+574@gmail.com	active	owner		\N	+447482877586	f	f	ec1e49e7-6666-43f3-b802-1a800b8998d4	\N	\N	\N	\N	\N		\N
	\N	f	errgweg@rthrher.eh	wrgwrg	ergg	f	t	2019-03-14 17:36:37.757472+00	f874cce6-4403-4647-b3e1-1a418f102b7e	2019-03-14 17:36:37.76134+00	2019-03-14 17:36:37.771966+00	4821a609-37b5-406f-a11c-954d7f962fdc	errgweg@rthrher.eh	pending	admin		\N		f	t	6b088fd1-1e5c-42aa-b913-bac160c1e03f	\N	\N	\N	\N	\N		\N
	\N	f	alextar.21+subuser2@gmail.com	Alexander	Tarasenko	f	t	2019-03-14 18:01:25.231304+00	406bd269-c917-4c51-b200-4d8436dfa87f	2019-03-14 18:01:25.235284+00	2019-03-14 18:01:25.26571+00	3ce3a720-1e40-46cd-beeb-d21c38df97ee	alextar.21+subuser2@gmail.com	pending	sub_user		\N		f	t	c41e0809-46f3-4be9-b017-5f3c1feac8a4	\N	\N	\N	\N	\N		\N
	\N	f	mikhail.novikov+5432@postindustria.com	egehthrweqw	wrehthege	f	t	2019-03-15 09:02:04.513223+00	2a7f31a0-eb70-4c21-9542-f459529f2468	2019-03-15 09:02:04.517014+00	2019-03-15 10:40:30.263976+00	3b4f6987-503a-4804-874a-0b5f395bb9b8	mikhail.novikov+5432@postindustria.com	active	admin		\N		f	t	48ce41ae-5d00-4609-adb7-8464d45c02de	\N	\N	\N	\N	\N		\N
	\N	f	alextar.21+test@gmail.com			f	t	2019-03-25 12:00:25.664048+00	f92ad152-77a4-4dae-9999-7298df72b6bb	2019-03-25 12:00:25.66445+00	2019-03-25 12:00:25.68276+00	1e867d94-073c-4ff0-be48-b2a7ccb5e397	alextar.21+test@gmail.com	active	owner		\N		f	f	856dbf0f-7d75-4491-9609-749491aa0522	\N	\N	\N	\N	\N		\N
	\N	f	john.doe1@gmail.com			f	t	2019-03-27 12:17:52.575522+00	6a3eec5e-bcb8-4210-8ee8-26c7857831d4	2019-03-27 12:17:52.575854+00	2019-03-27 12:17:52.589689+00	0e47ea12-c3be-400e-8fd9-fc43eef16816	john.doe1@gmail.com	active	owner		\N		f	f	e91fcc79-9397-4b74-afdd-7ea5878b7ea0	\N	\N	\N	\N	\N		\N
	\N	f	alextar.21+business@gmail.com	Alexander	Tarasenko	f	t	2019-03-27 11:17:11.504663+00	d6fd91d3-82b6-47e3-817d-116f2194119d	2019-03-27 11:17:11.504959+00	2019-03-27 11:19:46.366538+00	a45417b4-f389-4f97-9781-139c200e95cd	alextar.21+business@gmail.com	active	owner		1952-01-03	+380637595740	f	f	92c1a507-0c95-47dc-b9ab-fe56c7cdf1e9	\N	male	\N	\N	\N		mr
	\N	f	pavelgolman+915@gmail.com			f	t	2019-03-27 15:51:23.619421+00	31743c5b-c1a8-4c28-9976-bd04517a2949	2019-03-27 15:51:23.619721+00	2019-03-27 15:52:15.107762+00	cd618e38-bd55-4f3f-afe8-d1e9d0f52e8c	pavelgolman+915@gmail.com	active	owner		\N		f	t	30a64676-0a4e-4367-b300-8cdfe1f1d824	\N	\N	\N	\N	\N		\N
	\N	f	pavelgolman+940@gmail.com	Pavel	Golman	f	t	2019-03-28 13:51:43.624048+00	bd0f8ac5-b651-4779-93de-d593c36d9462	2019-03-28 13:51:43.62783+00	2019-03-28 14:11:55.959929+00	81359787-ad98-4ab9-9903-b158c627eaaa	pavelgolman+940@gmail.com	pending	sub_user		\N		f	t	a19944d2-c8f2-401f-82f9-8372475fccd1	\N	\N	\N	\N	\N		\N
	\N	f	segerh@ehrtjrew.wg	erhrth	rhrthrt	f	t	2019-02-21 09:37:06.922332+00	a7762a54-c63a-4f8d-9579-09c393785d4b	2019-02-21 09:37:06.926544+00	2019-03-29 08:55:32.886139+00	e49423a3-a668-44b2-88df-47d1d4c3932f	segerh@ehrtjrew.wg	banned	admin		\N		f	t	\N	\N	\N	\N	\N	\N		\N
	\N	f	testqwer@gmail.com			f	t	2019-03-29 13:12:15.984431+00	f550b902-ec0b-44a4-bc17-e3315c8a459e	2019-03-29 13:12:15.9852+00	2019-03-29 13:12:16.022178+00	712cbd6f-8733-4fb7-aeef-e9a93ed54e2b	testqwer@gmail.com	active	owner		\N		f	f	4b30079c-5fe9-4da4-9562-f19a578ce094	\N	\N	\N	\N	\N		\N
	\N	f	test2@gmail.com	Ihor	Isai	f	t	2019-03-29 13:14:43.404016+00	800d9ca5-aae2-4e26-9fe5-be97b1c19366	2019-03-29 13:14:43.404309+00	2019-04-01 08:31:51.222029+00	efaf3e9d-b34d-4a1f-b35b-f14b67f9dc92	test2@gmail.com	active	owner		1991-11-13	+380661231212	f	f	75863554-d406-46eb-82d9-d2080e6fa078	\N	male	\N	\N	\N		mr
	\N	f	mikhail.novikov+1333@postindustria.com	dsfdsf	ewfwef	f	t	2019-02-28 15:15:15.741549+00	dee4eda6-3428-4240-8f4f-d76f9f90688d	2019-02-28 15:15:15.741978+00	2019-04-03 09:44:09.07083+00	55f3f70d-11ce-4b5c-a37f-58eab261c95b	mikhail.novikov+1333@postindustria.com	active	owner		2001-01-04	+445555555555	f	t	73f83037-eea5-46b6-91d5-29fa7e84aa9a	AW	male	wefewfwe	BD	\N		mr
	\N	f	rehethr@sheph.eh	asdfgeeegr	regfw	f	t	2019-03-12 14:01:34.151748+00	0ce01636-1173-45a0-940b-5448e34e97c8	2019-03-12 14:01:34.155616+00	2019-04-05 06:59:44.774013+00	e88e823e-ecaa-49f3-9faa-b9630759335e	rehethr@sheph.eh	pending	sub_user		\N		f	t	abcfb2b3-a780-4956-9680-3b4f68fb69db	\N	\N	\N	\N	\N		\N
	\N	f	mikhail.novikov+777@postindustria.com	Pasfasfw	wegweg	f	t	2019-03-01 12:38:23.348887+00	184def42-ce7e-4d59-9ba9-4bc5f4e57473	2019-03-01 12:38:23.353204+00	2019-04-08 07:47:28.918126+00	5bc02ade-5b36-4b28-9c3f-3c2b0ee9ef85	mikhail.novikov+777@postindustria.com	active	admin		2001-01-01	+4923332123322	f	t	6c6f323d-b762-471a-a718-60b4985c6e90	AF	male	asfasf	AX	2020-01-01		mr
	\N	f	subuser2@test.test	egdgsdg	reheherh	f	t	2019-03-13 10:36:46.204464+00	874e2b02-eb49-4cce-9e2f-d4e85db1cf5b	2019-03-13 10:36:46.208024+00	2019-04-08 16:40:04.825086+00	13026f24-d133-4a08-8dfd-d44d38d111b3	subuser2@test.test	pending	sub_user		\N		f	t	00977098-2f50-4451-b40a-a8db8f8c0412	\N	\N	\N	\N	\N		\N
	\N	f	mikhail.novikov+dsv@postindustria.com	saasfaf	dsgsdg	f	t	2019-03-06 15:25:31.367534+00	1ad98bd5-aaa3-47f3-a749-056d0a52aacd	2019-03-06 15:25:31.371365+00	2019-03-07 08:11:52.525969+00	efd9a691-a530-4788-a197-2da3f370d9d0	mikhail.novikov+dsv@postindustria.com	active	sub_user		2001-01-01	+445555555555	f	t	eebd2e8c-e8c1-4088-a51a-6264de1bebc5	\N	male	\N	\N	\N		mr
	\N	f	sdgsdg@egsdg.sg			f	t	2019-03-03 19:55:35.334341+00	122d8e4c-87e4-478b-b2a8-4eb4eaa50504	2019-03-03 19:55:35.334651+00	2019-03-03 19:55:35.350753+00	c3d6b02f-2550-4b1e-afd9-f74c96671f22	sdgsdg@egsdg.sg	active	owner		\N		f	f	65f20ec2-7d1a-4cc9-a863-5d642475f686	\N	\N	\N	\N	\N		\N
	\N	f	zserhrwegw@egwgew.gw	wrwerger	rhreh	f	t	2019-03-12 14:00:07.471144+00	b1e8a997-43ef-479a-b250-cb49a053248c	2019-03-12 14:00:07.474837+00	2019-03-12 14:00:07.507114+00	ea4c2f8c-002a-43bd-b4f3-64a76b80f6a4	zserhrwegw@egwgew.gw	pending	sub_user		\N		f	t	e994853c-cc45-465f-b745-eb0554b64f11	\N	\N	\N	\N	\N		\N
	\N	f	egwegw@wegetw.wf	wegweg	wegwe	f	t	2019-03-14 17:26:12.958662+00	f4400cd2-9130-4435-ab2f-1e3689964dae	2019-03-14 17:26:12.962522+00	2019-03-14 17:26:12.972937+00	212dadfd-f411-4422-8446-d56a76c48740	egwegw@wegetw.wf	pending	admin		\N		f	t	fd0163a5-604d-4e99-b8b5-bac2080deb4f	\N	\N	\N	\N	\N		\N
	\N	f	mikhail.novikov+poeqw@postindustria.com	ewegweg	wegwegw	f	t	2019-03-11 09:12:39.907726+00	6873d432-77a7-4e5d-b758-48d970ee18b6	2019-03-11 09:12:39.911601+00	2019-03-11 09:12:39.941811+00	41a5499d-82a1-4456-86e3-359378b56a74	mikhail.novikov+poeqw@postindustria.com	pending	sub_user		\N		f	t	538593a2-90b7-43db-af14-7eece8a2fd5b	\N	\N	\N	\N	\N		\N
	\N	f	wejfnfw@weegehr.eg	werrgwreg	ergwerg	f	t	2019-03-14 17:31:57.916097+00	3d964c6d-7759-4141-b01c-95f3c39d0422	2019-03-14 17:31:57.919938+00	2019-03-14 17:31:57.931252+00	554d5b54-aaef-46fc-ac2f-c383a349133a	wejfnfw@weegehr.eg	pending	admin		\N		f	t	f76444dc-56f0-450c-9024-ad3dea8a233c	\N	\N	\N	\N	\N		\N
	\N	f	mikhail.novikov+876@postindustria.com			f	t	2019-03-04 10:52:35.992486+00	b38c9aa6-fc13-4952-b624-cad4dbd0c56b	2019-03-04 10:52:35.992839+00	2019-03-04 11:16:44.541111+00	274fcb5b-bf8a-430f-a7b8-4751fc4fb64c	mikhail.novikov+876@postindustria.com	active	owner		\N	+380932311069	f	f	c3e7d06a-8340-4458-8acd-a3d13fdc9ca2	\N	\N	\N	\N	\N		\N
	\N	f	pavelgolman+491@gmail.com	Pavel	Golman	f	t	2019-03-11 09:51:37.116621+00	26e1871b-4d5a-4e3b-adbe-f0321f5fa0e2	2019-03-11 09:51:37.120423+00	2019-03-11 09:51:37.15023+00	282e7a35-6dc9-48be-8bc4-69347db939ba	pavelgolman+491@gmail.com	pending	sub_user		\N		f	t	285d6877-23a6-426b-9d55-78457c7a6026	\N	\N	\N	\N	\N		\N
	\N	f	gfgwe@segw.gw	weegwegw	erhehe	f	t	2019-03-12 14:00:51.227977+00	e58d0708-52ee-4812-85d9-0bfe24c1baa0	2019-03-12 14:00:51.231886+00	2019-03-12 14:00:51.26108+00	1fa090dd-5279-4aba-a66a-8b3a5c263bf8	gfgwe@segw.gw	pending	sub_user		\N		f	t	84778cb4-c6d3-4dde-94cf-ec4cfce1b462	\N	\N	\N	\N	\N		\N
	\N	f	mikhail.novikov+23198@postindustria.com			f	t	2019-03-04 14:08:44.792751+00	093646a5-41f9-44f3-a426-c1deed35dc20	2019-03-04 14:08:44.793117+00	2019-03-04 14:08:44.810052+00	b8e0dcf2-ff46-405f-b060-07d1b87e82c3	mikhail.novikov+23198@postindustria.com	active	owner		\N		f	f	6475cec0-dc5b-4f93-b3ce-8709dffd1b1b	\N	\N	\N	\N	\N		\N
	\N	f	admi@adm.in	werq	wegeww	f	t	2019-03-05 07:12:54.358094+00	ee5639a5-9154-4616-b617-9f6f21769a82	2019-03-05 07:12:54.361716+00	2019-03-05 07:12:56.191015+00	bb3f9220-4f06-408a-9745-d9573b64a1f4	admi@adm.in	pending	admin		\N		f	t	544b2476-a2d6-4333-96f0-1c41aeeee804	\N	\N	\N	\N	\N		\N
	\N	f	mikhail.novikov+qwe@postindustria.com	fsdgfg	wegwweg	f	t	2019-03-07 13:31:03.372536+00	9bc92cd9-83ee-456d-9a9c-0efbc16e09b4	2019-03-07 13:31:03.377286+00	2019-03-14 14:51:59.496312+00	5c76e8b5-1208-4f94-bd09-ddcb45442c6a	mikhail.novikov+qwe@postindustria.com	active	sub_user		2001-01-01		f	t	1c69d539-eb87-4419-b357-7831b8449e07	\N	male	\N	\N	\N		mr
	\N	f	pavelgolman+500@gmail.com			f	t	2019-03-11 12:26:34.628843+00	6c9dd034-bf89-4945-a4bb-1d179aa52640	2019-03-11 12:26:34.62932+00	2019-03-11 12:40:14.423248+00	1726dc77-9923-49ec-9e1b-3b8fa5a30b29	pavelgolman+500@gmail.com	active	owner		\N	+380501355772	t	f	c14030bc-f11e-41e8-a6ad-98b315984605	\N	\N	\N	\N	\N		\N
	\N	f	aaaaaaaaa@bbbbb.cc	efegreherw	rtetrjytrhgw	f	t	2019-02-22 08:03:50.564689+00	2dba2e41-0c36-4de5-8501-74fa5782d6ea	2019-02-22 08:03:50.567833+00	2019-02-22 08:05:39.025794+00	5c18d2bc-404f-4196-bb4f-06cfa60d0961	aaaaaaaaa@bbbbb.cc	active	sub_user	fgggggg	\N		f	t	d01eceb3-956e-4bab-95e0-7c4c6d27a7e9	\N	\N	\N	\N	\N		\N
	\N	f	mikhail.novikov+665@postindustria.com	dsgsdgsd	srhedfgse	f	t	2019-03-13 10:37:29.28492+00	8083e129-db2f-4e60-8c27-f9728a4a936d	2019-03-13 10:37:29.288884+00	2019-04-08 16:38:08.332715+00	42912c91-ee94-45fb-964a-1a5eae58d85d	mikhail.novikov+665@postindustria.com	active	sub_user		\N		f	t	d3f84cc6-7d45-419f-a4d5-db6b07e350e4	\N	\N	\N	\N	\N		\N
	\N	f	subuser@subuser.se	sub user	sub suer	f	t	2019-02-22 10:37:47.060137+00	8d20956b-d720-4076-b12f-40c3a435695f	2019-02-22 10:37:47.063232+00	2019-02-22 10:38:11.748629+00	bf0aae4e-7eec-4223-8eaf-345a10015e12	subuser@subuser.se	active	sub_user	ewrwer	\N		f	t	14652dbf-a320-4522-9498-be298724c452	\N	\N	\N	\N	\N		\N
	\N	f	asgsdgs@sdhthe.eh	errjrjtye	etrjytrhe	f	t	2019-03-01 15:58:20.481026+00	f112feeb-b2e0-4665-a076-1bd46b92af5b	2019-03-01 15:58:20.485046+00	2019-03-01 15:58:21.834284+00	f55eda5d-f065-4b7a-b1f7-00ca7b770612	asgsdgs@sdhthe.eh	active	sub_user		\N		f	t	55f79d00-2362-4b61-841c-d8e891de687f	\N	\N	\N	\N	\N		\N
	\N	f	odmin@admin.test	odm	gew	f	t	2019-02-22 10:42:17.377233+00	cc03b105-30f6-4a87-9aa8-76f45e101392	2019-02-22 10:42:17.380523+00	2019-02-22 10:42:18.676595+00	4f8b94eb-5e69-4587-ab81-334b620ecb96	odmin@admin.test	active	admin	ad	\N		f	t	60d1ee2f-962d-49ea-9aae-be69c5c9d98c	\N	\N	\N	\N	\N		\N
	\N	f	kljlkjlk@gjh.fw	weegwe	wegw	f	t	2019-02-22 10:45:01.78807+00	66a86473-637f-41df-886a-0cf8d00535a8	2019-02-22 10:45:01.792093+00	2019-02-22 10:45:02.711366+00	ca949982-ef06-489b-9da6-c31e22decb27	kljlkjlk@gjh.fw	active	admin		\N		f	t	e04291a5-89a7-4ccd-98ce-571e9b5267ba	\N	\N	\N	\N	\N		\N
	\N	f	alextar.21+admin2@gmail.com	Alexander	Tarasenko	f	t	2019-03-14 16:08:42.857187+00	88d11e0c-6f60-4a91-afab-f4838db63bcc	2019-03-14 16:08:42.860984+00	2019-03-14 16:08:42.872383+00	032baaee-7de8-4f2b-87e1-8d60f21cab7c	alextar.21+admin2@gmail.com	pending	admin	test	\N		f	t	377e1e74-e268-4483-b5a4-c1304154a49e	\N	\N	\N	\N	\N		\N
	\N	f	mikhail.novikov+10@postindustria.com			f	t	2019-03-12 12:38:38.600923+00	ad9d2d39-b7d8-4461-9bad-4b92546556ed	2019-03-12 12:38:38.601261+00	2019-03-12 12:39:35.559504+00	fec1ae99-309d-4aca-a0a3-9a857a6fdd7d	mikhail.novikov+10@postindustria.com	active	owner		\N	+380555555555	f	f	0cf9cd28-3111-48d5-af5f-93d49bbf360c	\N	\N	\N	\N	\N		\N
	\N	f	uykyjthregw@rertktj.gw	rjrthegw	erhtrjt	f	t	2019-03-12 13:41:24.73251+00	673cf695-ea60-42b1-8ab3-5e0ad70e9eb2	2019-03-12 13:41:24.736364+00	2019-03-12 13:41:24.767222+00	0f0a3c67-c227-4501-b287-cb5a2831f86b	uykyjthregw@rertktj.gw	pending	sub_user		\N		f	t	391a5f5a-efbc-499a-b900-b038f1c8ef03	\N	\N	\N	\N	\N		\N
	\N	f	alextar.21+subuser1@gmail.com	Alexander	Tarasenko	f	t	2019-03-14 16:16:01.405769+00	40ce62b0-0693-4c62-8145-cece14110900	2019-03-14 16:16:01.410096+00	2019-03-14 16:16:01.445766+00	2ae96ae9-457c-4b0a-a293-95be43a1242d	alextar.21+subuser1@gmail.com	pending	sub_user		\N		f	t	4386bd50-a1b9-4abe-9451-e38fd8571280	\N	\N	\N	\N	\N		\N
	\N	f	alextar.21+2@gmail.com	Bruce	Stewart	f	t	2019-03-13 15:12:32.493005+00	aa7e1092-9ab5-44ec-b991-53ef51a6be82	2019-03-13 15:12:32.49332+00	2019-03-13 15:16:07.943313+00	b04d6f47-9514-48c8-aeaa-a26fffa87a21	alextar.21+2@gmail.com	active	owner	Mcleod	1974-01-24	+442072343456	f	f	dfe3cb90-1ca5-4602-823e-aa6a360d6b93	\N	male	\N	DZ	2024-01-01		mr
	\N	f	errgbweg@rthrher.eh	wrgwrg	ergg	f	t	2019-03-14 17:37:42.01444+00	421295e8-4301-4892-b670-5702c2358375	2019-03-14 17:37:42.045352+00	2019-03-14 17:37:42.059044+00	453c7867-c8ce-4e31-a660-5c87632d9692	errgbweg@rthrher.eh	pending	admin		\N		f	t	45874d6c-8b34-44d3-b742-e109fa7fd42a	\N	\N	\N	\N	\N		\N
	\N	f	igor.isay+admin@postindustria.com	Ihor	Isai	f	t	2019-03-29 09:03:35.665397+00	2fe7c3bb-cb83-4d9c-8bb2-f4275e710e1d	2019-03-29 09:03:35.669726+00	2019-04-04 08:37:37.095404+00	9e34a03f-f8ed-4322-9ec8-13af88740191	igor.isay+admin@postindustria.com	active	admin		1991-11-13	+380662089940	f	t	e9744f11-da9b-4858-9227-0fbe4f75e8a2	AF	male	asdfad	AF	2020-01-01	12341234134	mr
	\N	f	awfegher@erhrege.er	erherg	erher	f	t	2019-03-14 18:18:56.811981+00	f4b20223-07d6-49f0-a5d8-d407f340514c	2019-03-14 18:18:56.816817+00	2019-03-14 18:18:56.830438+00	4ecbf4ee-88f2-4cd4-8ff8-404e283fd1f1	awfegher@erhrege.er	pending	admin		\N		f	t	44c11e24-872c-4de5-a5e2-13e7b7270799	\N	\N	\N	\N	\N		\N
	\N	f	alextar.21+4admin@gmail.com			f	t	2019-03-14 18:11:45.996626+00	17332e59-23c8-4352-b04c-70fa0f3a4643	2019-03-14 18:11:46.230721+00	2019-03-15 08:58:28.737035+00	fc26ed39-a6c3-41a9-b451-85dc46d38d35	alextar.21+4admin@gmail.com	active	admin		\N		f	t	632ee427-e907-4598-bb8b-db38360f3d02	\N	\N	\N	\N	\N		\N
	\N	f	igor.isay@postindustria.com	igor	isay	f	t	2019-03-26 10:36:17.49648+00	f928e9de-e205-43cc-b6bc-c76c96672a1b	2019-03-26 10:36:17.496829+00	2019-03-26 10:37:30.586394+00	2c5774fe-ad90-40f6-a6a4-93778d1fdf28	igor.isay@postindustria.com	active	owner		1991-11-13	+380662089940	f	f	befcabf5-a1cc-4975-85ba-4f7b7e348853	\N	\N	\N	\N	\N		\N
	\N	f	rehwref@erhrege.eg	erherhe	erherh	f	t	2019-03-15 12:20:56.599195+00	baf8b992-91de-4c81-914d-5206d2e2c76e	2019-03-15 12:20:56.603012+00	2019-03-15 12:20:56.632962+00	63cb058c-8fab-4e78-a518-5d27211fd0fc	rehwref@erhrege.eg	pending	sub_user		\N		f	t	5d7ee891-8a82-4d3a-90bc-d78759ad2d63	\N	\N	\N	\N	\N		\N
	\N	f	mikhail.novikov+nbv@postindustria.com	qwrqwrwq	ewgweg	f	t	2019-03-27 11:27:21.860684+00	6ab35572-c520-4357-8e8e-6efcaf9a35e2	2019-03-27 11:27:21.860993+00	2019-03-27 11:27:55.985232+00	48f5072d-d086-439f-bba2-33435aa96b63	mikhail.novikov+nbv@postindustria.com	active	owner		2001-01-01	+445555555555	f	f	d8c51e45-cd75-439d-94e8-18567fbea470	\N	male	\N	\N	\N		mr
	\N	f	john.doe2@gmail.com			f	t	2019-03-27 12:18:33.265371+00	c18ee942-e55d-45a8-a9ec-210390aaab4b	2019-03-27 12:18:33.265646+00	2019-03-27 12:18:33.279966+00	b5f5cbc9-72c8-4e83-9c49-9a0dbcf25f77	john.doe2@gmail.com	active	owner		\N		f	f	998b4673-10bf-4207-95fe-76e93297920e	\N	\N	\N	\N	\N		\N
	\N	f	mikhail.novikov+admin@postindustria.com	werrgrwgw	rgergre	f	t	2019-03-14 14:57:54.217487+00	3fa229e6-dff4-475b-b5ac-61f5030b0b03	2019-03-14 14:57:54.221198+00	2019-03-29 08:57:45.204878+00	77dc9ead-a486-400d-84dd-a066c4344fa3	mikhail.novikov+admin@postindustria.com	banned	admin		\N		f	t	d987d43f-2aa0-4737-8e91-d8760702813c	\N	\N	\N	\N	\N		\N
	\N	f	pavelgolman+916@gmail.com			f	t	2019-03-27 15:54:11.38816+00	74901291-6fae-4f23-91ca-b2d1199c91dc	2019-03-27 15:54:11.388468+00	2019-03-27 15:54:11.406106+00	0c7fea19-e1fc-4057-a839-b3e2087e210c	pavelgolman+916@gmail.com	active	owner		\N		f	f	0b9e7aa5-a999-4be8-8c0c-5502e5d591cc	\N	\N	\N	\N	\N		\N
	\N	f	mikhail.novikov+9@postindustria.com			f	t	2019-02-26 07:51:55.315199+00	d8c4a725-e261-495f-9c90-5ebb26312bf7	2019-02-26 07:51:55.315516+00	2019-04-05 08:59:57.155152+00	16b6ff2f-3d42-4632-a337-a31a3858d45f	mikhail.novikov+9@postindustria.com	active	owner		\N	+380631418441	t	f	8013877e-de79-4ead-9a4a-48676166a2ad	\N	\N	\N	\N	\N		\N
	\N	f	perepelitsamv@gmail.com	Max	Perepelitsa	f	t	2019-03-12 16:26:02.079462+00	c43e210a-f81e-4d58-b3b5-d1fc9dfd2ff5	2019-03-12 16:26:02.079841+00	2019-04-01 11:52:24.071601+00	6abf23d4-2614-487a-a921-1a3ece05219b	perepelitsamv@gmail.com	active	owner	Mr	1985-07-28	+380952881531	f	f	1889a530-ecb9-4cd3-b166-946b7cc75201	\N	\N	\N	\N	\N		\N
	\N	f	test3@gmail.com			f	t	2019-04-01 08:44:04.135177+00	958c520a-bc4a-4244-a017-333d0daa69db	2019-04-01 08:44:04.135538+00	2019-04-01 08:44:04.235367+00	b2bbf866-0821-4d4d-8845-69bca29af921	test3@gmail.com	active	owner		\N		f	f	10e3db6e-e960-4de6-b594-45d15cb4a980	\N	\N	\N	\N	\N		\N
	\N	f	test4@gmail.com			f	t	2019-04-01 08:45:25.763752+00	82d4484d-ae02-47db-987d-5f1e4127b72b	2019-04-01 08:45:25.764072+00	2019-04-01 11:58:34.191126+00	f5312b98-aea7-4e62-b17a-9f94be81e074	test4@gmail.com	active	owner		2001-01-01	+380661231212	f	f	63cba29b-84f1-4702-a4c2-a91103b466e9	\N	male	\N	\N	\N		mr
	\N	f	test5@gmail.com			f	t	2019-04-01 12:00:02.409551+00	6160b22e-4f70-4d2e-814c-ae48a3ab5c78	2019-04-01 12:00:02.409878+00	2019-04-01 12:00:02.427366+00	0bcf64b8-6d3d-4f5d-a4a9-1d3636f7dc94	test5@gmail.com	active	owner		\N		f	f	fbb056f7-da63-49a4-bb7c-7b97d70c5ade	\N	\N	\N	\N	\N		\N
	\N	f	wrgwgwe@sgwggw.wg	wegwegwe	wrgweegwe	f	t	2019-04-05 07:10:07.849911+00	f864cb86-fd79-4ab0-a851-9cca2617c5b0	2019-04-05 07:10:07.853822+00	2019-04-05 07:10:07.869086+00	5f417bc2-73a7-4a52-ae66-9f76e7849a13	wrgwgwe@sgwggw.wg	pending	admin		\N		f	t	52c246b4-f698-48ff-ae25-2a0ecf07cdea	\N	\N	\N	\N	\N		\N
	\N	f	qfewgre@gewgeg.gw			f	t	2019-04-04 08:52:49.619779+00	7450d769-b040-46de-9a2f-c691e77e3b00	2019-04-04 08:52:49.620834+00	2019-04-04 08:52:49.642519+00	6ed1d62e-13f2-433d-94a7-2cdd0d953673	qfewgre@gewgeg.gw	active	owner		\N		f	f	1a7e912e-a1c2-45c1-b96b-85c62a9ae38a	\N	\N	\N	\N	\N		\N
	\N	f	test9@gmail.com	Ihor	Isai	f	t	2019-04-01 12:25:14.695032+00	81f1710f-3bb4-4ca9-b39b-092c4fc03855	2019-04-01 12:25:14.695329+00	2019-04-01 12:32:22.662694+00	aab038b5-6f6f-4840-a478-f98ea2ac6cc4	test9@gmail.com	active	owner		2001-01-01	+380661231212	f	f	d86366e0-4ab4-4092-992b-331ff91e2a17	\N	female	\N	\N	\N		mrs
	\N	f	test6@gmail.com			f	t	2019-04-01 12:01:16.207824+00	6b5eb056-e1c3-41a7-9cce-e635c4549058	2019-04-01 12:01:16.208123+00	2019-04-01 12:03:24.7547+00	e3df0bfc-8073-4cc3-aaae-e6d0fac75c3d	test6@gmail.com	active	owner		2001-01-01	+380661231212	f	f	763c87c1-e0de-4422-8ac2-cd199454e6d5	\N	male	\N	\N	\N		mr
	\N	f	adadad@asdadda.ad	asafs	waf	f	t	2019-04-01 11:34:20.897474+00	2c2956d4-c176-4030-884f-7e140e1d9863	2019-04-01 11:34:20.901055+00	2019-04-01 11:34:20.912614+00	db05282e-de0c-4614-af8e-91ec8de90d0e	adadad@asdadda.ad	pending	admin		\N		f	t	2bf82dba-98c1-459d-a4a4-f56acd6f72b8	\N	\N	\N	\N	\N		\N
	\N	f	test10@gmail.com	Ihor	Isai	f	t	2019-04-01 13:19:43.792689+00	56245c75-b815-4933-bdf7-d86e0f2fa51b	2019-04-01 13:19:43.792963+00	2019-04-01 18:32:53.334242+00	f091607f-280b-4f55-9485-a96fa8615a0d	test10@gmail.com	active	owner	asdfasdf	2001-01-02	+380661231212	f	f	56604d67-47b4-4ffb-bfaf-fc67c0a2b1b0	\N	male	\N	\N	\N		ms
	\N	f	oleg.stepura@postindustria.com	Admin	Admin	f	t	2019-04-01 12:47:13.401975+00	323a4802-5050-453e-8727-9eb8d8797077	2019-04-01 12:47:13.406493+00	2019-04-01 13:15:12.327805+00	b3d308c8-8e05-4481-9fb9-55aaa6a9e764	oleg.stepura@postindustria.com	active	admin		\N		f	t	2ac844a4-f83f-4d93-bbfa-af3d1c1c1e87	\N	\N	\N	\N	\N		\N
	\N	f	oleg.ryabinskiy+admin@postindustria.com	oleg	ryabinskiy	f	t	2019-04-01 11:35:40.042537+00	79c6b14f-4eeb-41b1-8cee-acace244e90a	2019-04-01 11:35:40.063685+00	2019-04-01 11:36:48.590226+00	383dbd46-b20b-4be9-a8dc-7e894fca8cbf	oleg.ryabinskiy+admin@postindustria.com	active	admin		2001-01-01	+445555555555	f	t	d37950f5-979c-4e37-ba0d-6b06ed2194c2	\N	male	\N	\N	\N		mr
	\N	f	mikhail.novikov+busi@postindustria.com	Mikhail	Novikov	f	t	2019-04-01 09:45:58.43062+00	731d1b10-f86e-4a3d-ace4-cb7b8d8e67fd	2019-04-01 09:45:58.430919+00	2019-04-02 06:21:11.103528+00	da7d55ad-69de-4dd3-99b6-7f71ee065644	mikhail.novikov+busi@postindustria.com	active	owner		2001-01-01	+445555555555	f	f	3469c6e9-2d16-4625-a0c8-5ec2c2686f1f	\N	male	\N	\N	\N	wdefewf222e2e2e112eqwedrr2e13r4f12qwadwd235d	mr
	\N	f	perepelitsamv+admin@gmail.com	Max	Perepelitsa	f	t	2019-04-01 11:49:32.152514+00	d847bd54-03eb-48a1-bcd0-1a2e67b87876	2019-04-01 11:49:32.156263+00	2019-04-01 11:51:36.542184+00	bf148b21-ecf0-4b87-84f5-0b92a81bbe8d	perepelitsamv+admin@gmail.com	active	admin		1985-07-28	+380952881531	f	t	e5a9973f-3808-423d-bcd2-271e425ee491	\N	male	\N	\N	\N		mr
	\N	f	weewfw@egwgweg.gf			f	t	2019-04-02 07:07:38.043997+00	f0102dd1-65b1-43af-90b4-12f91b14d77f	2019-04-02 07:07:38.044314+00	2019-04-02 07:07:38.063728+00	13999e77-4e48-44e6-bf44-db3d3087bf95	weewfw@egwgweg.gf	active	owner		\N		f	f	8034ec52-20c5-4532-a4b8-b59ee3641240	\N	\N	\N	\N	\N		\N
	\N	f	test7@gmail.com			f	t	2019-04-01 12:05:51.7636+00	75b099d9-ad9a-47a7-a4e7-c96608e6b824	2019-04-01 12:05:51.763876+00	2019-04-01 12:19:16.155199+00	88cd222a-8f94-4787-b544-3a6d4bc35ff4	test7@gmail.com	active	owner		2001-01-01		f	f	98f5924a-815a-491e-9e8a-171dd3e83808	\N	male	\N	\N	\N		mr
	\N	f	htregwf@wehwer.wg	erhrteh	rtjtrhre	f	t	2019-04-05 07:11:50.687872+00	5c84eae2-a869-4d14-b64e-372f49f94aa9	2019-04-05 07:11:50.692222+00	2019-04-05 07:11:50.706841+00	fbd78dd7-0509-463a-ab58-021f74b5f951	htregwf@wehwer.wg	pending	admin		\N		f	t	e7d11f00-22fb-4704-87c7-042083b4d88c	\N	\N	\N	\N	\N		\N
	\N	f	thrwew@egweg.wg	qwertty	qwertty	f	t	2019-04-04 08:54:01.920183+00	1d0f3382-b94a-48fa-b579-e6bb73caafea	2019-04-04 08:54:01.920515+00	2019-04-04 09:28:30.535386+00	300b4598-ce29-4258-b5a5-8f1998035ac7	thrwew@egweg.wg	active	owner		2001-01-01	+445555555555	f	f	c0a5856b-1ebc-45ba-afa6-a141561c2a6c	\N	male	\N	\N	\N		mr
	\N	f	test11@gmail.com	Ihor	Isai	f	t	2019-04-03 07:22:18.638758+00	41c4d589-2ce6-425d-9324-d22e0feb4e91	2019-04-03 07:22:18.639041+00	2019-04-03 08:31:53.275367+00	be7afe98-4151-48cc-b36a-7e1f72aae7a5	test11@gmail.com	active	owner		2001-01-01	+380661231212	f	f	32a32c25-0cd7-4d00-9a8c-d7de307b8662	\N	male	\N	\N	\N		mr
	\N	f	test8@gmail.com			f	t	2019-04-01 12:24:32.41938+00	129b44c0-a9d7-44e9-ad29-8e7aaf97aaf6	2019-04-01 12:24:32.4197+00	2019-04-01 12:24:32.437793+00	1aaf843a-0196-41ea-9b11-5cd3255542d1	test8@gmail.com	active	owner		\N		f	f	9af43ab8-89c4-40e4-9877-7fcec9c2d305	\N	\N	\N	\N	\N		\N
	\N	f	test12@gmail.com			f	t	2019-04-03 08:34:07.935893+00	27bed6a4-0a77-4848-a51b-b500c620cc27	2019-04-03 08:34:07.936187+00	2019-04-03 08:34:07.95131+00	b96856ee-268d-4281-a963-24a3653f52a5	test12@gmail.com	active	owner		\N		f	f	52ed6aa2-6579-4680-a4b2-8129c69e806d	\N	\N	\N	\N	\N		\N
	\N	f	alextar.21+5admin@gmail.com			f	t	2019-03-14 18:14:01.84983+00	6f2f4139-f77f-4d1f-8418-7f5c29b863d7	2019-03-14 18:14:02.022+00	2019-04-05 07:12:00.709075+00	a881775d-7907-43a6-8e76-42cd1dcc7add	alextar.21+5admin@gmail.com	pending	admin		\N		f	t	2bc08894-f673-4b8b-a9df-702ec3c8f65f	\N	\N	\N	\N	\N		\N
	\N	f	igor.isay.postindustria.test@gmail.com	Bruce	Stewart	f	t	2019-04-08 10:54:19.104288+00	343d94cc-cf32-4555-b3a8-0854947fe9a9	2019-04-08 10:54:19.104579+00	2019-04-08 12:12:25.936052+00	780547fd-7dce-41a9-9ff1-2895690581a4	igor.isay.postindustria.test@gmail.com	active	owner	mcleod	1974-01-24	+380662089940	f	t	5cfb40b5-52c7-47bb-9925-ac32d90ba69a	\N	male	\N	\N	\N		mr
	\N	f	mikhail.novikov+666@postindustria.com	ewwgwg	wegwegwge	f	t	2019-03-01 15:56:27.43148+00	21111d93-aac7-4eea-962a-8f20ddb3ce07	2019-03-01 15:56:27.431815+00	2019-04-08 16:12:13.058021+00	aad07e25-4c84-49fe-a2a1-fc61153d1f8c	mikhail.novikov+666@postindustria.com	active	owner		1978-10-01	+445555555555	f	t	91801f91-d1f2-4037-9f2a-b7ce79fed230	BH	male	\N	\N	\N	121eefwer212f24freg23f3fd31f43t34t34g3g34t24	mr
	\N	f	mikhail.novikov+444@postindustria.com	qwerty	qwerty	f	t	2019-04-04 08:35:00.382147+00	5b606f79-6fea-45b6-b5eb-23961a7427d1	2019-04-04 08:35:00.382482+00	2019-04-05 08:56:48.373262+00	03de5897-1820-4918-850b-1b4d8616a67b	mikhail.novikov+444@postindustria.com	active	owner		2001-01-01	+380631418441	f	f	ce3397a6-bb5f-4329-b6ed-f136fcb1bfde	\N	male	\N	\N	\N		mr
	\N	f	test13@gmail.com	Ihor	Isai	f	t	2019-04-03 08:34:27.906704+00	330d4d73-fe08-4fdc-8dc6-39fe2351360c	2019-04-03 08:34:27.906996+00	2019-04-05 12:29:17.482233+00	37e7ab90-51ac-42c8-a560-a5e17bfb261a	test13@gmail.com	active	owner		2001-01-01	+380661231312	f	f	1ed379f2-58f7-47f8-a2f6-4a3d10b07e3b	AX	male	asdfas	\N	\N		mr
	\N	f	yrjthergwef@erwfverh.he	egrhtrjyttrhe	eetrmtjyjreg	f	t	2019-04-04 09:30:09.923494+00	a39c6b69-d6e7-4a2e-beb3-8e9af03651e5	2019-04-04 09:30:09.923779+00	2019-04-04 09:36:35.756827+00	3cb5d04a-dd3c-4d1f-befb-6740a13144ea	yrjthergwef@erwfverh.he	active	owner		2001-01-01	+445555555555	f	f	2ebd6807-c24a-4f47-a661-51d9527ca459	\N	male	\N	\N	\N		mr
	\N	f	test14@gmail.cm	Bruce	Stewart	f	t	2019-04-05 07:52:24.189476+00	5747aa0c-343b-4bba-9794-4e057b8aa47c	2019-04-05 07:52:24.189762+00	2019-04-05 08:43:33.838874+00	f202f8a6-bebc-46f8-ab83-a35502c4523a	test14@gmail.cm	active	owner	mcleod	1974-01-24	+447911123456	f	f	1a7ef721-4e3b-4692-8913-0c54d1772cd1	AF	male		AF	2020-01-01		mr
	\N	f	mikhail.novikov+business-test@postindustria.com	Mikhail	Novikov	f	t	2019-04-08 08:00:14.260318+00	d65aae03-6e5c-40ee-8d95-0558b78b8409	2019-04-08 08:00:14.260658+00	2019-04-08 08:06:41.097429+00	35e96339-37c3-4396-a6a5-06fd80523aa3	mikhail.novikov+business-test@postindustria.com	active	owner		2001-01-01	+445555555555	f	f	da2a5008-d7a7-4c9a-9569-d230f30c7a81	AF	male	mothermaidenname	\N	\N		mr
	\N	f	rgwfwge@eheehrewgew.ge	egewgwgq	htjrterg	f	t	2019-04-05 06:58:25.879627+00	a7e74b5e-44c8-45d5-97fe-08f4a5e64bf2	2019-04-05 06:58:25.884631+00	2019-04-08 16:39:30.638796+00	0e17681d-bebd-46fd-ba6c-8f9236fa47b5	rgwfwge@eheehrewgew.ge	pending	sub_user		\N		f	t	1123b665-c97d-4015-af5d-251cf54ce1eb	\N	\N	\N	\N	\N		\N
\.


--
-- Data for Name: authtoken_token; Type: TABLE DATA; Schema: public; Owner: -
--

COPY public.authtoken_token (key, created, user_id) FROM stdin;
\.


--
-- Data for Name: core_user_groups; Type: TABLE DATA; Schema: public; Owner: -
--

COPY public.core_user_groups (id, user_id, group_id) FROM stdin;
1	b2e80aa0-e05a-4753-8bd0-c444ce6a3fa6	1
2	b2e80aa0-e05a-4753-8bd0-c444ce6a3fa6	2
3	28176fa5-af86-468f-af53-41f9f9f5afd1	1
4	28176fa5-af86-468f-af53-41f9f9f5afd1	3
5	47626731-4ba3-44d2-8506-16b4664eab5e	1
6	47626731-4ba3-44d2-8506-16b4664eab5e	4
7	c6d5c6d1-042b-4684-a7dc-601f6b057f4e	1
8	c6d5c6d1-042b-4684-a7dc-601f6b057f4e	5
9	9227b00e-ce71-469e-acb0-f12b680acca2	1
10	9227b00e-ce71-469e-acb0-f12b680acca2	6
11	4306680e-bfd6-4589-b696-73ec4e70238b	1
12	4306680e-bfd6-4589-b696-73ec4e70238b	7
13	f1fdf456-4208-4ba6-bc2b-7b29f0db510c	1
14	f1fdf456-4208-4ba6-bc2b-7b29f0db510c	8
15	09373be8-9180-40b9-8835-1d7ae043ed07	1
16	09373be8-9180-40b9-8835-1d7ae043ed07	9
17	00163068-1862-4ac4-b0b4-34dc2c5098d4	1
18	00163068-1862-4ac4-b0b4-34dc2c5098d4	10
19	fb885d4e-fc8e-4da6-84bf-d8b1861bd6db	1
20	fb885d4e-fc8e-4da6-84bf-d8b1861bd6db	11
21	3c55e8d3-bcd7-4005-8a53-ed30ec32eb49	1
22	3c55e8d3-bcd7-4005-8a53-ed30ec32eb49	12
23	4af5c711-31ce-4463-9535-d39d71204e9a	1
24	4af5c711-31ce-4463-9535-d39d71204e9a	13
25	b1ecc88e-4fe9-46e0-a676-2ac5c744c079	1
26	b1ecc88e-4fe9-46e0-a676-2ac5c744c079	14
27	91fd1fc3-fa47-4387-9005-6397e9c52da2	1
28	91fd1fc3-fa47-4387-9005-6397e9c52da2	15
31	c02ddbfb-ff3c-4472-8041-a5b9348f477d	1
32	c02ddbfb-ff3c-4472-8041-a5b9348f477d	17
33	60397fdf-05e0-443f-88ee-1037158f4580	1
34	60397fdf-05e0-443f-88ee-1037158f4580	18
35	b9a4b0ba-2abd-4944-8f08-3c658d17033f	1
36	b9a4b0ba-2abd-4944-8f08-3c658d17033f	19
37	47007590-e901-4cad-80f8-ffa2cd44dbca	1
38	47007590-e901-4cad-80f8-ffa2cd44dbca	20
39	5aefcffe-7891-4ddd-a96e-ce82d9635412	1
40	5aefcffe-7891-4ddd-a96e-ce82d9635412	21
41	b1b484a2-12e0-4661-962b-1826cdc80ebf	1
42	b1b484a2-12e0-4661-962b-1826cdc80ebf	22
43	abee743b-8fb7-416f-b875-a68717ef1a1c	1
44	abee743b-8fb7-416f-b875-a68717ef1a1c	23
45	526badd8-2f7b-49ef-8bfc-d183b6dc89f7	1
46	526badd8-2f7b-49ef-8bfc-d183b6dc89f7	24
47	34a509ca-c6b4-4d51-9348-d10420f1c270	1
48	34a509ca-c6b4-4d51-9348-d10420f1c270	25
49	cff64a03-3fc8-4881-802e-8a35599c3c49	1
50	cff64a03-3fc8-4881-802e-8a35599c3c49	26
51	cdf49eee-bb74-47b4-a9ca-74d4aff0b112	1
52	cdf49eee-bb74-47b4-a9ca-74d4aff0b112	27
53	0d217cb0-0f96-4184-9d50-4711bf63cd9a	1
54	0d217cb0-0f96-4184-9d50-4711bf63cd9a	28
55	cc2a8e57-9c46-4889-9400-5962e15318c0	1
56	cc2a8e57-9c46-4889-9400-5962e15318c0	29
57	57e569c4-5808-4a28-90ce-979e82bfcddd	1
58	57e569c4-5808-4a28-90ce-979e82bfcddd	30
59	18b4b167-00c0-45a0-beec-9897541b1b17	1
60	18b4b167-00c0-45a0-beec-9897541b1b17	31
61	88f536f4-9738-4d7f-806d-591fd4bc48d9	1
62	88f536f4-9738-4d7f-806d-591fd4bc48d9	32
63	f542d30a-9a7c-47e9-ac20-1b9e36be1615	1
64	f542d30a-9a7c-47e9-ac20-1b9e36be1615	33
65	c23e49f5-8ce8-4247-b425-86ff9f23dd2a	1
66	c23e49f5-8ce8-4247-b425-86ff9f23dd2a	34
67	742d9566-a7a9-4253-adb4-80b2c380d746	1
68	742d9566-a7a9-4253-adb4-80b2c380d746	35
69	6942d513-2a61-4757-ba77-a6a0e329b987	1
70	6942d513-2a61-4757-ba77-a6a0e329b987	36
71	c305199e-b2ee-4950-b2f3-598e25970a7f	1
72	c305199e-b2ee-4950-b2f3-598e25970a7f	37
73	db83b7ad-4598-4a7a-b46c-3857c0a8fc07	1
74	db83b7ad-4598-4a7a-b46c-3857c0a8fc07	38
75	d35e8721-236e-492d-902e-a2b535520fb6	1
76	d35e8721-236e-492d-902e-a2b535520fb6	39
77	b90c50e1-c7be-461e-9f26-f977aae60147	1
78	b90c50e1-c7be-461e-9f26-f977aae60147	40
79	d9ce4b72-ba36-42df-9edb-100dec446866	1
80	d9ce4b72-ba36-42df-9edb-100dec446866	41
81	97aeb68d-d9d9-4622-b2a5-bde1406b750a	1
82	97aeb68d-d9d9-4622-b2a5-bde1406b750a	42
83	b63c908f-ccb4-47ec-84ce-b07e70dd94c6	1
84	b63c908f-ccb4-47ec-84ce-b07e70dd94c6	43
85	728d5719-5280-49c7-abb8-d66f9e6f5f91	1
86	728d5719-5280-49c7-abb8-d66f9e6f5f91	44
87	6d11a6e4-91df-44f0-84b4-15120102f480	1
88	6d11a6e4-91df-44f0-84b4-15120102f480	45
89	baa579d9-997f-4ac7-8441-220692505937	1
90	baa579d9-997f-4ac7-8441-220692505937	46
91	dc943f26-da19-47af-b928-31645dce6b00	1
92	dc943f26-da19-47af-b928-31645dce6b00	47
93	844bb57d-0426-4573-90f3-50873c02bb95	1
94	844bb57d-0426-4573-90f3-50873c02bb95	48
95	145576ce-f9e8-4168-a2e9-3075d2752772	1
96	145576ce-f9e8-4168-a2e9-3075d2752772	49
97	dde4b9bd-ae68-4541-8443-36c20a837c13	1
98	dde4b9bd-ae68-4541-8443-36c20a837c13	50
99	381d6a22-beae-4fec-a79c-e5a68aaa3522	1
100	381d6a22-beae-4fec-a79c-e5a68aaa3522	51
101	bc3cd5cc-d05c-4e12-acd7-fef885f0f94e	1
102	bc3cd5cc-d05c-4e12-acd7-fef885f0f94e	52
103	f0c13414-2644-4989-89a1-facf6cff5a2d	1
104	f0c13414-2644-4989-89a1-facf6cff5a2d	53
105	9133b307-cc1b-4b6e-a6a0-462ad3716775	1
106	9133b307-cc1b-4b6e-a6a0-462ad3716775	54
107	954e3d8f-bb81-4ca6-88dd-f7b04ffc1178	1
108	954e3d8f-bb81-4ca6-88dd-f7b04ffc1178	55
109	d79f5180-a0c6-4ee8-8538-7c71124e6dc5	1
110	d79f5180-a0c6-4ee8-8538-7c71124e6dc5	56
111	9831c723-4dcf-43d1-bc0f-1ee93a29f22b	1
112	9831c723-4dcf-43d1-bc0f-1ee93a29f22b	57
113	14797652-68b3-4e3a-8797-d1581c30a003	1
114	14797652-68b3-4e3a-8797-d1581c30a003	58
115	d8c4a725-e261-495f-9c90-5ebb26312bf7	1
116	d8c4a725-e261-495f-9c90-5ebb26312bf7	59
117	f0d1054a-dea8-48e9-a8fd-84e73e71c2fc	1
118	f0d1054a-dea8-48e9-a8fd-84e73e71c2fc	60
119	2de65869-74fc-4c84-a9d6-d3d936201e0b	1
120	2de65869-74fc-4c84-a9d6-d3d936201e0b	61
121	243885d0-23f2-47b8-a06c-4d4b4d7b491d	1
122	243885d0-23f2-47b8-a06c-4d4b4d7b491d	62
123	c7951ad6-d950-4910-9c82-42903f8971c4	1
124	c7951ad6-d950-4910-9c82-42903f8971c4	63
125	dee4eda6-3428-4240-8f4f-d76f9f90688d	1
126	dee4eda6-3428-4240-8f4f-d76f9f90688d	64
127	21111d93-aac7-4eea-962a-8f20ddb3ce07	1
128	21111d93-aac7-4eea-962a-8f20ddb3ce07	65
129	662d73ff-fb2d-4876-972d-804e0915ccaa	1
130	662d73ff-fb2d-4876-972d-804e0915ccaa	66
131	d0cf6078-d968-4fc3-9e8c-b9f659c377f2	1
132	d0cf6078-d968-4fc3-9e8c-b9f659c377f2	67
133	122d8e4c-87e4-478b-b2a8-4eb4eaa50504	1
134	122d8e4c-87e4-478b-b2a8-4eb4eaa50504	68
135	88215d5c-2ea4-4f12-b639-4feadc64f293	1
136	88215d5c-2ea4-4f12-b639-4feadc64f293	69
137	6b7b5db9-f596-42e6-aa40-4585f7ffd5b5	1
138	6b7b5db9-f596-42e6-aa40-4585f7ffd5b5	70
139	c61dc8ee-992c-4872-a30c-f52c58834cc2	1
140	c61dc8ee-992c-4872-a30c-f52c58834cc2	71
141	b38c9aa6-fc13-4952-b624-cad4dbd0c56b	1
142	b38c9aa6-fc13-4952-b624-cad4dbd0c56b	72
143	293c12c5-bb6c-43ee-9d40-9d50917704a9	1
144	293c12c5-bb6c-43ee-9d40-9d50917704a9	73
145	093646a5-41f9-44f3-a426-c1deed35dc20	1
146	093646a5-41f9-44f3-a426-c1deed35dc20	74
147	b7c81d54-7bde-4497-8f47-1c9bf874ddb5	1
148	b7c81d54-7bde-4497-8f47-1c9bf874ddb5	75
149	71e91daa-3d4a-40a1-860c-89ac909979ae	1
150	71e91daa-3d4a-40a1-860c-89ac909979ae	76
151	8dba66b2-2851-4a7e-a3fb-b46ecf570407	1
152	8dba66b2-2851-4a7e-a3fb-b46ecf570407	77
153	a70ae86f-ccb0-4c20-b797-44549c1d6f24	1
154	a70ae86f-ccb0-4c20-b797-44549c1d6f24	78
155	cfd5e6d9-f12a-4cf3-879a-8d38b414cdee	1
156	cfd5e6d9-f12a-4cf3-879a-8d38b414cdee	79
157	75943970-e687-4aee-af62-7d6f01d10fec	1
158	75943970-e687-4aee-af62-7d6f01d10fec	80
159	11f4487d-3bb1-4c20-bcc3-366a8813844b	1
160	11f4487d-3bb1-4c20-bcc3-366a8813844b	81
161	4837b7c2-f9d6-48ad-bd17-d744af8f07bb	1
162	4837b7c2-f9d6-48ad-bd17-d744af8f07bb	82
163	78d65222-3417-4752-8513-0a749418f174	1
164	78d65222-3417-4752-8513-0a749418f174	83
165	bc66633c-4fab-4559-81af-360c897b0aa8	1
166	bc66633c-4fab-4559-81af-360c897b0aa8	84
167	6c9dd034-bf89-4945-a4bb-1d179aa52640	1
168	6c9dd034-bf89-4945-a4bb-1d179aa52640	85
169	fd250725-81e6-4f47-acdf-a1e118cb4499	1
170	fd250725-81e6-4f47-acdf-a1e118cb4499	86
171	867a1433-d0fd-42f2-8a2e-5bbc56e5ba40	1
172	867a1433-d0fd-42f2-8a2e-5bbc56e5ba40	87
173	ad9d2d39-b7d8-4461-9bad-4b92546556ed	1
174	ad9d2d39-b7d8-4461-9bad-4b92546556ed	88
175	c43e210a-f81e-4d58-b3b5-d1fc9dfd2ff5	1
176	c43e210a-f81e-4d58-b3b5-d1fc9dfd2ff5	89
177	e402a1f9-4054-4a1d-aac8-a1fd3d4d6928	1
178	e402a1f9-4054-4a1d-aac8-a1fd3d4d6928	90
179	aa7e1092-9ab5-44ec-b991-53ef51a6be82	1
180	aa7e1092-9ab5-44ec-b991-53ef51a6be82	91
181	3c011ff3-f9d4-4783-8e20-749b332ea6ff	1
182	3c011ff3-f9d4-4783-8e20-749b332ea6ff	92
183	6dab7eb9-5cba-4b20-b976-da86d9ca11b4	1
184	6dab7eb9-5cba-4b20-b976-da86d9ca11b4	93
185	76fb5327-4615-4587-9826-2edebb23496f	1
186	76fb5327-4615-4587-9826-2edebb23496f	94
187	1a508858-fb0b-4dc4-a344-27e0a701b9fc	1
188	1a508858-fb0b-4dc4-a344-27e0a701b9fc	95
189	2dfd78d8-6685-4b89-b0d3-4f8688a48ba1	1
190	2dfd78d8-6685-4b89-b0d3-4f8688a48ba1	96
191	e5cb9ea2-2698-4ed3-a368-288e086481db	1
192	e5cb9ea2-2698-4ed3-a368-288e086481db	97
193	f92ad152-77a4-4dae-9999-7298df72b6bb	1
194	f92ad152-77a4-4dae-9999-7298df72b6bb	98
195	f928e9de-e205-43cc-b6bc-c76c96672a1b	1
196	f928e9de-e205-43cc-b6bc-c76c96672a1b	99
197	5b5ef80e-a718-401b-9d2c-00824dbc8aea	1
198	5b5ef80e-a718-401b-9d2c-00824dbc8aea	100
199	d6fd91d3-82b6-47e3-817d-116f2194119d	1
200	d6fd91d3-82b6-47e3-817d-116f2194119d	101
201	6ab35572-c520-4357-8e8e-6efcaf9a35e2	1
202	6ab35572-c520-4357-8e8e-6efcaf9a35e2	102
203	17ea3c33-26db-4651-b466-de347667a7b3	1
204	17ea3c33-26db-4651-b466-de347667a7b3	103
205	6a3eec5e-bcb8-4210-8ee8-26c7857831d4	1
206	6a3eec5e-bcb8-4210-8ee8-26c7857831d4	104
207	c18ee942-e55d-45a8-a9ec-210390aaab4b	1
208	c18ee942-e55d-45a8-a9ec-210390aaab4b	105
209	322c5a1a-e02a-444f-8338-851dc6832763	1
210	322c5a1a-e02a-444f-8338-851dc6832763	106
211	31743c5b-c1a8-4c28-9976-bd04517a2949	1
212	31743c5b-c1a8-4c28-9976-bd04517a2949	107
213	74901291-6fae-4f23-91ca-b2d1199c91dc	1
214	74901291-6fae-4f23-91ca-b2d1199c91dc	108
215	080fe038-96e6-4c8e-a1b8-15540ff3295f	1
216	080fe038-96e6-4c8e-a1b8-15540ff3295f	109
217	f550b902-ec0b-44a4-bc17-e3315c8a459e	1
218	f550b902-ec0b-44a4-bc17-e3315c8a459e	110
219	800d9ca5-aae2-4e26-9fe5-be97b1c19366	1
220	800d9ca5-aae2-4e26-9fe5-be97b1c19366	111
221	958c520a-bc4a-4244-a017-333d0daa69db	1
222	958c520a-bc4a-4244-a017-333d0daa69db	112
223	82d4484d-ae02-47db-987d-5f1e4127b72b	1
224	82d4484d-ae02-47db-987d-5f1e4127b72b	113
225	731d1b10-f86e-4a3d-ace4-cb7b8d8e67fd	1
226	731d1b10-f86e-4a3d-ace4-cb7b8d8e67fd	114
227	6160b22e-4f70-4d2e-814c-ae48a3ab5c78	1
228	6160b22e-4f70-4d2e-814c-ae48a3ab5c78	115
229	6b5eb056-e1c3-41a7-9cce-e635c4549058	1
230	6b5eb056-e1c3-41a7-9cce-e635c4549058	116
231	75b099d9-ad9a-47a7-a4e7-c96608e6b824	1
232	75b099d9-ad9a-47a7-a4e7-c96608e6b824	117
233	129b44c0-a9d7-44e9-ad29-8e7aaf97aaf6	1
234	129b44c0-a9d7-44e9-ad29-8e7aaf97aaf6	118
235	81f1710f-3bb4-4ca9-b39b-092c4fc03855	1
236	81f1710f-3bb4-4ca9-b39b-092c4fc03855	119
237	56245c75-b815-4933-bdf7-d86e0f2fa51b	1
238	56245c75-b815-4933-bdf7-d86e0f2fa51b	120
239	f0102dd1-65b1-43af-90b4-12f91b14d77f	1
240	f0102dd1-65b1-43af-90b4-12f91b14d77f	121
241	41c4d589-2ce6-425d-9324-d22e0feb4e91	1
242	41c4d589-2ce6-425d-9324-d22e0feb4e91	122
243	27bed6a4-0a77-4848-a51b-b500c620cc27	1
244	27bed6a4-0a77-4848-a51b-b500c620cc27	123
245	330d4d73-fe08-4fdc-8dc6-39fe2351360c	1
246	330d4d73-fe08-4fdc-8dc6-39fe2351360c	124
247	5b606f79-6fea-45b6-b5eb-23961a7427d1	1
248	5b606f79-6fea-45b6-b5eb-23961a7427d1	125
249	7450d769-b040-46de-9a2f-c691e77e3b00	1
250	7450d769-b040-46de-9a2f-c691e77e3b00	126
251	1d0f3382-b94a-48fa-b579-e6bb73caafea	1
252	1d0f3382-b94a-48fa-b579-e6bb73caafea	127
253	a39c6b69-d6e7-4a2e-beb3-8e9af03651e5	1
254	a39c6b69-d6e7-4a2e-beb3-8e9af03651e5	128
255	5747aa0c-343b-4bba-9794-4e057b8aa47c	1
256	5747aa0c-343b-4bba-9794-4e057b8aa47c	129
257	d65aae03-6e5c-40ee-8d95-0558b78b8409	1
258	d65aae03-6e5c-40ee-8d95-0558b78b8409	130
259	343d94cc-cf32-4555-b3a8-0854947fe9a9	1
260	343d94cc-cf32-4555-b3a8-0854947fe9a9	131
\.


--
-- Data for Name: core_user_user_permissions; Type: TABLE DATA; Schema: public; Owner: -
--

COPY public.core_user_user_permissions (id, user_id, permission_id) FROM stdin;
1	b2e80aa0-e05a-4753-8bd0-c444ce6a3fa6	71
2	28176fa5-af86-468f-af53-41f9f9f5afd1	71
3	47626731-4ba3-44d2-8506-16b4664eab5e	71
4	c6d5c6d1-042b-4684-a7dc-601f6b057f4e	71
5	9227b00e-ce71-469e-acb0-f12b680acca2	71
6	4306680e-bfd6-4589-b696-73ec4e70238b	71
7	f1fdf456-4208-4ba6-bc2b-7b29f0db510c	71
8	09373be8-9180-40b9-8835-1d7ae043ed07	71
9	00163068-1862-4ac4-b0b4-34dc2c5098d4	71
10	fb885d4e-fc8e-4da6-84bf-d8b1861bd6db	71
11	3c55e8d3-bcd7-4005-8a53-ed30ec32eb49	71
12	4af5c711-31ce-4463-9535-d39d71204e9a	71
13	b1ecc88e-4fe9-46e0-a676-2ac5c744c079	71
14	c3081cd5-71cb-4fb2-963c-9e30332d04e2	59
15	91fd1fc3-fa47-4387-9005-6397e9c52da2	71
17	c02ddbfb-ff3c-4472-8041-a5b9348f477d	71
18	60397fdf-05e0-443f-88ee-1037158f4580	71
19	b9a4b0ba-2abd-4944-8f08-3c658d17033f	71
20	47007590-e901-4cad-80f8-ffa2cd44dbca	71
21	5aefcffe-7891-4ddd-a96e-ce82d9635412	71
22	b1b484a2-12e0-4661-962b-1826cdc80ebf	71
23	abee743b-8fb7-416f-b875-a68717ef1a1c	71
24	526badd8-2f7b-49ef-8bfc-d183b6dc89f7	71
25	34a509ca-c6b4-4d51-9348-d10420f1c270	71
26	cff64a03-3fc8-4881-802e-8a35599c3c49	71
27	cdf49eee-bb74-47b4-a9ca-74d4aff0b112	71
28	0d217cb0-0f96-4184-9d50-4711bf63cd9a	71
29	cc2a8e57-9c46-4889-9400-5962e15318c0	71
30	57e569c4-5808-4a28-90ce-979e82bfcddd	71
31	18b4b167-00c0-45a0-beec-9897541b1b17	71
32	88f536f4-9738-4d7f-806d-591fd4bc48d9	71
33	f542d30a-9a7c-47e9-ac20-1b9e36be1615	71
34	c23e49f5-8ce8-4247-b425-86ff9f23dd2a	71
35	742d9566-a7a9-4253-adb4-80b2c380d746	71
36	6942d513-2a61-4757-ba77-a6a0e329b987	71
37	c305199e-b2ee-4950-b2f3-598e25970a7f	71
38	db83b7ad-4598-4a7a-b46c-3857c0a8fc07	71
39	d35e8721-236e-492d-902e-a2b535520fb6	71
40	b90c50e1-c7be-461e-9f26-f977aae60147	71
41	d9ce4b72-ba36-42df-9edb-100dec446866	71
42	97aeb68d-d9d9-4622-b2a5-bde1406b750a	71
43	b63c908f-ccb4-47ec-84ce-b07e70dd94c6	71
44	728d5719-5280-49c7-abb8-d66f9e6f5f91	71
45	6d11a6e4-91df-44f0-84b4-15120102f480	71
46	baa579d9-997f-4ac7-8441-220692505937	71
47	dc943f26-da19-47af-b928-31645dce6b00	71
48	844bb57d-0426-4573-90f3-50873c02bb95	71
49	145576ce-f9e8-4168-a2e9-3075d2752772	71
50	dde4b9bd-ae68-4541-8443-36c20a837c13	71
51	381d6a22-beae-4fec-a79c-e5a68aaa3522	71
52	bc3cd5cc-d05c-4e12-acd7-fef885f0f94e	71
53	f0c13414-2644-4989-89a1-facf6cff5a2d	71
54	9133b307-cc1b-4b6e-a6a0-462ad3716775	71
55	bdb7b259-b625-42af-a5bd-dbf71cc252f4	59
56	bdb7b259-b625-42af-a5bd-dbf71cc252f4	61
57	5c2df3a8-4f64-4df2-95ad-e71fc8902791	59
58	5c2df3a8-4f64-4df2-95ad-e71fc8902791	61
59	ee53f08a-5d2c-47f4-99cc-68d00e427174	60
62	ee53f08a-5d2c-47f4-99cc-68d00e427174	59
63	c3081cd5-71cb-4fb2-963c-9e30332d04e2	61
64	c3081cd5-71cb-4fb2-963c-9e30332d04e2	60
65	352b4c09-c14d-4f98-a2b6-f23e740f895c	59
67	352b4c09-c14d-4f98-a2b6-f23e740f895c	61
68	0a153ff8-5f32-42cb-bb10-4279ef5f7cff	61
69	954e3d8f-bb81-4ca6-88dd-f7b04ffc1178	71
70	d79f5180-a0c6-4ee8-8538-7c71124e6dc5	71
71	9831c723-4dcf-43d1-bc0f-1ee93a29f22b	71
72	14797652-68b3-4e3a-8797-d1581c30a003	71
73	d8c4a725-e261-495f-9c90-5ebb26312bf7	71
74	f0d1054a-dea8-48e9-a8fd-84e73e71c2fc	71
75	2de65869-74fc-4c84-a9d6-d3d936201e0b	71
76	243885d0-23f2-47b8-a06c-4d4b4d7b491d	71
77	c7951ad6-d950-4910-9c82-42903f8971c4	71
78	dee4eda6-3428-4240-8f4f-d76f9f90688d	71
80	21111d93-aac7-4eea-962a-8f20ddb3ce07	71
81	662d73ff-fb2d-4876-972d-804e0915ccaa	71
82	d0cf6078-d968-4fc3-9e8c-b9f659c377f2	71
83	122d8e4c-87e4-478b-b2a8-4eb4eaa50504	71
84	88215d5c-2ea4-4f12-b639-4feadc64f293	71
85	6b7b5db9-f596-42e6-aa40-4585f7ffd5b5	71
86	c61dc8ee-992c-4872-a30c-f52c58834cc2	71
87	b38c9aa6-fc13-4952-b624-cad4dbd0c56b	71
89	184def42-ce7e-4d59-9ba9-4bc5f4e57473	59
90	293c12c5-bb6c-43ee-9d40-9d50917704a9	71
91	093646a5-41f9-44f3-a426-c1deed35dc20	71
92	b7c81d54-7bde-4497-8f47-1c9bf874ddb5	71
93	71e91daa-3d4a-40a1-860c-89ac909979ae	71
94	ee5639a5-9154-4616-b617-9f6f21769a82	59
95	ee5639a5-9154-4616-b617-9f6f21769a82	60
96	ee5639a5-9154-4616-b617-9f6f21769a82	61
97	8dba66b2-2851-4a7e-a3fb-b46ecf570407	71
98	a70ae86f-ccb0-4c20-b797-44549c1d6f24	71
99	cfd5e6d9-f12a-4cf3-879a-8d38b414cdee	71
100	75943970-e687-4aee-af62-7d6f01d10fec	71
101	11f4487d-3bb1-4c20-bcc3-366a8813844b	71
102	4837b7c2-f9d6-48ad-bd17-d744af8f07bb	71
103	78d65222-3417-4752-8513-0a749418f174	71
104	bc66633c-4fab-4559-81af-360c897b0aa8	71
105	6c9dd034-bf89-4945-a4bb-1d179aa52640	71
106	fd250725-81e6-4f47-acdf-a1e118cb4499	71
107	867a1433-d0fd-42f2-8a2e-5bbc56e5ba40	71
108	ad9d2d39-b7d8-4461-9bad-4b92546556ed	71
109	c43e210a-f81e-4d58-b3b5-d1fc9dfd2ff5	71
110	5aafbe29-4256-4dc1-ae9a-4e52e803ade5	59
111	5aafbe29-4256-4dc1-ae9a-4e52e803ade5	60
112	5aafbe29-4256-4dc1-ae9a-4e52e803ade5	61
113	184def42-ce7e-4d59-9ba9-4bc5f4e57473	61
114	e402a1f9-4054-4a1d-aac8-a1fd3d4d6928	71
115	aa7e1092-9ab5-44ec-b991-53ef51a6be82	71
116	3c011ff3-f9d4-4783-8e20-749b332ea6ff	71
117	6dab7eb9-5cba-4b20-b976-da86d9ca11b4	71
118	76fb5327-4615-4587-9826-2edebb23496f	71
119	1a508858-fb0b-4dc4-a344-27e0a701b9fc	71
120	2dfd78d8-6685-4b89-b0d3-4f8688a48ba1	71
121	3fa229e6-dff4-475b-b5ac-61f5030b0b03	59
122	3fa229e6-dff4-475b-b5ac-61f5030b0b03	60
126	69565193-21b4-4b09-8b25-65068ef18bad	59
127	69565193-21b4-4b09-8b25-65068ef18bad	60
128	69565193-21b4-4b09-8b25-65068ef18bad	61
129	69565193-21b4-4b09-8b25-65068ef18bad	88
130	bfcba728-f659-4c7a-b88a-aa075acf922a	59
131	bfcba728-f659-4c7a-b88a-aa075acf922a	60
132	bfcba728-f659-4c7a-b88a-aa075acf922a	61
133	bfcba728-f659-4c7a-b88a-aa075acf922a	88
134	88d11e0c-6f60-4a91-afab-f4838db63bcc	59
135	88d11e0c-6f60-4a91-afab-f4838db63bcc	60
136	88d11e0c-6f60-4a91-afab-f4838db63bcc	61
137	88d11e0c-6f60-4a91-afab-f4838db63bcc	88
138	f4b20223-07d6-49f0-a5d8-d407f340514c	59
139	f4b20223-07d6-49f0-a5d8-d407f340514c	60
140	723f87b5-5d0a-44a3-a08f-beb0e0f79514	59
141	723f87b5-5d0a-44a3-a08f-beb0e0f79514	60
142	2a7f31a0-eb70-4c21-9542-f459529f2468	59
143	2a7f31a0-eb70-4c21-9542-f459529f2468	60
144	2a7f31a0-eb70-4c21-9542-f459529f2468	61
145	e5cb9ea2-2698-4ed3-a368-288e086481db	71
146	f92ad152-77a4-4dae-9999-7298df72b6bb	71
147	f928e9de-e205-43cc-b6bc-c76c96672a1b	71
148	5b5ef80e-a718-401b-9d2c-00824dbc8aea	71
149	d6fd91d3-82b6-47e3-817d-116f2194119d	71
150	6ab35572-c520-4357-8e8e-6efcaf9a35e2	71
151	17ea3c33-26db-4651-b466-de347667a7b3	71
152	6a3eec5e-bcb8-4210-8ee8-26c7857831d4	71
153	c18ee942-e55d-45a8-a9ec-210390aaab4b	71
154	322c5a1a-e02a-444f-8338-851dc6832763	71
155	31743c5b-c1a8-4c28-9976-bd04517a2949	71
156	74901291-6fae-4f23-91ca-b2d1199c91dc	71
157	dcc85c91-6c0c-4225-8303-c2f318abf2f8	59
158	dcc85c91-6c0c-4225-8303-c2f318abf2f8	60
159	2fe7c3bb-cb83-4d9c-8bb2-f4275e710e1d	59
160	2fe7c3bb-cb83-4d9c-8bb2-f4275e710e1d	60
161	2fe7c3bb-cb83-4d9c-8bb2-f4275e710e1d	61
162	080fe038-96e6-4c8e-a1b8-15540ff3295f	71
163	f550b902-ec0b-44a4-bc17-e3315c8a459e	71
164	800d9ca5-aae2-4e26-9fe5-be97b1c19366	71
165	958c520a-bc4a-4244-a017-333d0daa69db	71
166	82d4484d-ae02-47db-987d-5f1e4127b72b	71
167	731d1b10-f86e-4a3d-ace4-cb7b8d8e67fd	71
168	79c6b14f-4eeb-41b1-8cee-acace244e90a	59
169	79c6b14f-4eeb-41b1-8cee-acace244e90a	60
170	79c6b14f-4eeb-41b1-8cee-acace244e90a	61
171	d847bd54-03eb-48a1-bcd0-1a2e67b87876	59
172	d847bd54-03eb-48a1-bcd0-1a2e67b87876	60
173	d847bd54-03eb-48a1-bcd0-1a2e67b87876	61
174	d847bd54-03eb-48a1-bcd0-1a2e67b87876	88
175	6160b22e-4f70-4d2e-814c-ae48a3ab5c78	71
176	6b5eb056-e1c3-41a7-9cce-e635c4549058	71
177	75b099d9-ad9a-47a7-a4e7-c96608e6b824	71
178	129b44c0-a9d7-44e9-ad29-8e7aaf97aaf6	71
179	81f1710f-3bb4-4ca9-b39b-092c4fc03855	71
180	323a4802-5050-453e-8727-9eb8d8797077	59
181	323a4802-5050-453e-8727-9eb8d8797077	60
182	323a4802-5050-453e-8727-9eb8d8797077	61
183	323a4802-5050-453e-8727-9eb8d8797077	88
184	56245c75-b815-4933-bdf7-d86e0f2fa51b	71
185	f0102dd1-65b1-43af-90b4-12f91b14d77f	71
186	41c4d589-2ce6-425d-9324-d22e0feb4e91	71
187	27bed6a4-0a77-4848-a51b-b500c620cc27	71
188	330d4d73-fe08-4fdc-8dc6-39fe2351360c	71
189	5b606f79-6fea-45b6-b5eb-23961a7427d1	71
190	7450d769-b040-46de-9a2f-c691e77e3b00	71
191	1d0f3382-b94a-48fa-b579-e6bb73caafea	71
192	a39c6b69-d6e7-4a2e-beb3-8e9af03651e5	71
193	f864cb86-fd79-4ab0-a851-9cca2617c5b0	59
194	f864cb86-fd79-4ab0-a851-9cca2617c5b0	60
195	f864cb86-fd79-4ab0-a851-9cca2617c5b0	61
196	5c84eae2-a869-4d14-b64e-372f49f94aa9	59
197	5c84eae2-a869-4d14-b64e-372f49f94aa9	60
198	5c84eae2-a869-4d14-b64e-372f49f94aa9	61
199	6f2f4139-f77f-4d1f-8418-7f5c29b863d7	59
200	5747aa0c-343b-4bba-9794-4e057b8aa47c	71
201	d65aae03-6e5c-40ee-8d95-0558b78b8409	71
202	343d94cc-cf32-4555-b3a8-0854947fe9a9	71
\.


--
-- Data for Name: django_admin_log; Type: TABLE DATA; Schema: public; Owner: -
--

COPY public.django_admin_log (id, action_time, object_id, object_repr, action_flag, change_message, content_type_id, user_id) FROM stdin;
\.


--
-- Data for Name: django_migrations; Type: TABLE DATA; Schema: public; Owner: -
--

COPY public.django_migrations (id, app, name, applied) FROM stdin;
1	contenttypes	0001_initial	2019-02-08 09:30:15.948102+00
2	contenttypes	0002_remove_content_type_name	2019-02-08 09:30:15.957786+00
3	auth	0001_initial	2019-02-08 09:30:16.00145+00
4	auth	0002_alter_permission_name_max_length	2019-02-08 09:30:16.01064+00
5	auth	0003_alter_user_email_max_length	2019-02-08 09:30:16.016763+00
6	auth	0004_alter_user_username_opts	2019-02-08 09:30:16.023912+00
7	auth	0005_alter_user_last_login_null	2019-02-08 09:30:16.030026+00
8	auth	0006_require_contenttypes_0002	2019-02-08 09:30:16.032376+00
9	auth	0007_alter_validators_add_error_messages	2019-02-08 09:30:16.037825+00
10	auth	0008_alter_user_username_max_length	2019-02-08 09:30:16.043608+00
11	auth	0009_alter_user_last_name_max_length	2019-02-08 09:30:16.049741+00
12	core	0001_initial	2019-02-08 09:30:16.133578+00
13	admin	0001_initial	2019-02-08 09:30:16.250696+00
14	admin	0002_logentry_remove_auto_add	2019-02-08 09:30:16.260161+00
15	admin	0003_logentry_add_action_flag_choices	2019-02-08 09:30:16.275829+00
16	authtoken	0001_initial	2019-02-08 09:30:16.297088+00
17	authtoken	0002_auto_20160226_1747	2019-02-08 09:30:16.336778+00
18	frontend_api	0001_initial	2019-02-08 09:30:16.52023+00
19	guardian	0001_initial	2019-02-08 09:30:16.611382+00
20	sessions	0001_initial	2019-02-08 09:30:16.627835+00
21	core	0002_auto_20190214_1529	2019-02-20 11:02:46.35239+00
22	core	0003_auto_20190219_1329	2019-02-20 11:02:46.373066+00
23	frontend_api	0002_auto_20190214_1529	2019-02-20 11:02:46.431466+00
24	frontend_api	0003_auto_20190214_1537	2019-02-20 11:02:46.449505+00
25	frontend_api	0004_auto_20190219_1329	2019-02-20 11:02:46.468094+00
26	core	0004_remove_user_mfa_enabled	2019-02-25 13:13:31.946975+00
27	frontend_api	0005_auto_20190304_0925	2019-03-04 09:46:33.659512+00
28	core	0005_auto_20190312_1337	2019-03-12 14:16:39.295437+00
29	core	0006_auto_20190312_1342	2019-03-12 14:16:39.30623+00
30	core	0007_auto_20190312_1343	2019-03-12 14:16:39.317761+00
31	frontend_api	0006_auto_20190314_1512	2019-03-14 15:28:12.085088+00
\.


--
-- Data for Name: django_session; Type: TABLE DATA; Schema: public; Owner: -
--

COPY public.django_session (session_key, session_data, expire_date) FROM stdin;
hkr0xagh7p8uyavm25goempzbzkwdknu	YjJmYzlkMTMzYWI1ZjVhZTczMzJkYzdiNTVlYWNiYTVhODg2MDcyNjp7Il9hdXRoX3VzZXJfaWQiOiIxZDI5Y2FhZC1iZjU5LTQ2NTctYmU0YS1iYTQxYjAzZTFkYzgiLCJfYXV0aF91c2VyX2JhY2tlbmQiOiJkamFuZ28uY29udHJpYi5hdXRoLmJhY2tlbmRzLk1vZGVsQmFja2VuZCIsIl9hdXRoX3VzZXJfaGFzaCI6ImM2M2Y2YTFjYjA2NDc0NzFlZTdmZDdjOWEzOWFiYzNkOGI3ZDgzNjMifQ==	2019-02-28 16:20:38.193521+00
fydbwiidk1n04sl2ovxgwnp33md7i77q	YjJmYzlkMTMzYWI1ZjVhZTczMzJkYzdiNTVlYWNiYTVhODg2MDcyNjp7Il9hdXRoX3VzZXJfaWQiOiIxZDI5Y2FhZC1iZjU5LTQ2NTctYmU0YS1iYTQxYjAzZTFkYzgiLCJfYXV0aF91c2VyX2JhY2tlbmQiOiJkamFuZ28uY29udHJpYi5hdXRoLmJhY2tlbmRzLk1vZGVsQmFja2VuZCIsIl9hdXRoX3VzZXJfaGFzaCI6ImM2M2Y2YTFjYjA2NDc0NzFlZTdmZDdjOWEzOWFiYzNkOGI3ZDgzNjMifQ==	2019-03-18 14:04:27.838582+00
wyjg103pohpq97f4sjsu29qjsbglj4fp	YjJmYzlkMTMzYWI1ZjVhZTczMzJkYzdiNTVlYWNiYTVhODg2MDcyNjp7Il9hdXRoX3VzZXJfaWQiOiIxZDI5Y2FhZC1iZjU5LTQ2NTctYmU0YS1iYTQxYjAzZTFkYzgiLCJfYXV0aF91c2VyX2JhY2tlbmQiOiJkamFuZ28uY29udHJpYi5hdXRoLmJhY2tlbmRzLk1vZGVsQmFja2VuZCIsIl9hdXRoX3VzZXJfaGFzaCI6ImM2M2Y2YTFjYjA2NDc0NzFlZTdmZDdjOWEzOWFiYzNkOGI3ZDgzNjMifQ==	2019-04-05 12:43:16.522622+00
r8rs2csfcjoq3dg8fmk7twfzdj6o0uro	YjJmYzlkMTMzYWI1ZjVhZTczMzJkYzdiNTVlYWNiYTVhODg2MDcyNjp7Il9hdXRoX3VzZXJfaWQiOiIxZDI5Y2FhZC1iZjU5LTQ2NTctYmU0YS1iYTQxYjAzZTFkYzgiLCJfYXV0aF91c2VyX2JhY2tlbmQiOiJkamFuZ28uY29udHJpYi5hdXRoLmJhY2tlbmRzLk1vZGVsQmFja2VuZCIsIl9hdXRoX3VzZXJfaGFzaCI6ImM2M2Y2YTFjYjA2NDc0NzFlZTdmZDdjOWEzOWFiYzNkOGI3ZDgzNjMifQ==	2019-04-23 08:00:47.16798+00
\.


--
-- Data for Name: frontend_api_account; Type: TABLE DATA; Schema: public; Owner: -
--

COPY public.frontend_api_account (id, created_at, updated_at, polymorphic_ctype_id, user_id, data, verification_status) FROM stdin;
5a1dfaf1-2081-4ed6-9802-74db5cba7c22	2019-02-08 09:31:42.673152+00	2019-02-08 09:31:42.67451+00	16	b2e80aa0-e05a-4753-8bd0-c444ce6a3fa6	{"version": 1}	Fail
0bd27316-edcb-45b4-a4d6-f59bc080581a	2019-02-08 09:50:59.469178+00	2019-02-08 09:50:59.470176+00	16	28176fa5-af86-468f-af53-41f9f9f5afd1	{"version": 1}	Fail
4ca2a646-efae-4d79-a01b-54f499b2ea7c	2019-02-08 09:57:52.721534+00	2019-02-08 09:57:52.722643+00	16	47626731-4ba3-44d2-8506-16b4664eab5e	{"version": 1}	Fail
eee661e5-67be-4429-95cc-064b14c3f5aa	2019-02-18 12:56:51.546847+00	2019-02-18 12:56:51.650882+00	16	c305199e-b2ee-4950-b2f3-598e25970a7f	{"version": 1}	Fail
fa192249-b195-4c4f-91ae-94b072d99a6e	2019-02-08 13:38:12.563211+00	2019-02-08 13:40:52.721366+00	16	c6d5c6d1-042b-4684-a7dc-601f6b057f4e	{"version": 1}	Fail
5db30fab-9deb-4992-b648-aa7b2d2ac354	2019-02-08 13:48:51.167872+00	2019-02-08 13:49:48.179127+00	16	9227b00e-ce71-469e-acb0-f12b680acca2	{"version": 1}	Fail
4bf768df-92a2-4691-aad1-2576b0f7bbd2	2019-02-08 13:58:27.992177+00	2019-02-08 13:58:27.993216+00	16	4306680e-bfd6-4589-b696-73ec4e70238b	{"version": 1}	Fail
c5bc9944-bf98-420f-bbfc-537b2f4ea37b	2019-02-08 14:36:53.580427+00	2019-02-08 14:36:53.581515+00	16	f1fdf456-4208-4ba6-bc2b-7b29f0db510c	{"version": 1}	Fail
88b7f1ee-0943-4950-962a-73c96965002f	2019-02-11 08:01:38.676918+00	2019-02-11 08:01:38.676933+00	15	19995522-1d7e-46e1-af8c-faccc7564738	{"version": 1}	Fail
4d86234e-0cd5-46cd-bef8-2c648e11d2c0	2019-02-12 09:25:49.6358+00	2019-02-12 09:25:49.637868+00	16	09373be8-9180-40b9-8835-1d7ae043ed07	{"version": 1}	Fail
4687261a-789b-4018-88a3-c718a5fe63a5	2019-02-18 12:59:08.953198+00	2019-02-18 12:59:09.057878+00	16	db83b7ad-4598-4a7a-b46c-3857c0a8fc07	{"version": 1}	Fail
8128c946-39b0-4a07-8022-51ca31dbd62c	2019-02-18 12:59:56.572719+00	2019-02-18 12:59:56.676502+00	16	d35e8721-236e-492d-902e-a2b535520fb6	{"version": 1}	Fail
803ee6b3-2ab7-4ce4-9d6a-1ac386e91e1a	2019-02-13 14:59:05.563853+00	2019-02-13 14:59:05.564982+00	16	fb885d4e-fc8e-4da6-84bf-d8b1861bd6db	{"version": 1}	Fail
71e11d59-fe75-4733-83cd-124ffa264f2d	2019-02-14 15:51:35.012877+00	2019-02-14 15:51:35.012891+00	14	c3081cd5-71cb-4fb2-963c-9e30332d04e2	{"version": 1}	Fail
da482f3d-2553-4d4e-92df-7bef33537145	2019-02-15 11:05:17.654624+00	2019-02-15 11:05:17.750973+00	16	682329d9-e83d-48d6-881f-848a0876d6b2	{"version": 1}	Fail
123bf5ba-912c-4144-8b95-5416bbb13919	2019-02-15 12:01:48.118272+00	2019-02-15 12:01:48.214609+00	16	3c55e8d3-bcd7-4005-8a53-ed30ec32eb49	{"version": 1}	Fail
026cade0-17f3-4976-874a-c708c8f4f3b9	2019-02-15 14:31:05.956288+00	2019-02-15 14:31:05.9563+00	14	ee53f08a-5d2c-47f4-99cc-68d00e427174	{"version": 1}	Fail
ce9a0949-eaa9-4962-8e3f-3364128c608b	2019-02-18 07:00:52.244727+00	2019-02-18 07:00:52.24474+00	15	63f09550-2ec1-448b-83e6-cafd87cb328d	{"version": 1}	Fail
fd187042-c6e8-4ece-9d74-2d7a1efa13eb	2019-02-18 07:21:24.695385+00	2019-02-18 07:21:24.973571+00	16	4af5c711-31ce-4463-9535-d39d71204e9a	{"version": 1}	Fail
1539a78e-23d7-42ec-bcc6-ebb89edc2683	2019-02-18 07:23:24.083616+00	2019-02-18 07:23:24.425268+00	16	b1ecc88e-4fe9-46e0-a676-2ac5c744c079	{"version": 1}	Fail
a71dc242-fa58-4647-aef7-685125567227	2019-02-18 13:01:28.249904+00	2019-02-18 13:01:28.354233+00	16	b90c50e1-c7be-461e-9f26-f977aae60147	{"version": 1}	Fail
eda06003-714e-496f-aa1f-d78d0048b340	2019-02-18 08:21:53.422703+00	2019-02-18 08:21:53.422717+00	14	5aafbe29-4256-4dc1-ae9a-4e52e803ade5	{"version": 1}	Fail
8db86a01-7c62-4661-bb6c-135edb88247e	2019-02-18 09:14:16.688529+00	2019-02-18 09:14:17.398174+00	16	91fd1fc3-fa47-4387-9005-6397e9c52da2	{"version": 1}	Fail
cba4e115-28b8-4d28-87c2-fc0dd962dfad	2019-02-18 11:29:34.219394+00	2019-02-18 11:29:34.330144+00	16	c02ddbfb-ff3c-4472-8041-a5b9348f477d	{"version": 1}	Fail
ec4078f3-d92c-4d1d-833c-70492de6fa1b	2019-02-18 11:30:29.040255+00	2019-02-18 11:30:29.148531+00	16	60397fdf-05e0-443f-88ee-1037158f4580	{"version": 1}	Fail
4aa805e7-2a3c-4048-a811-758b3a6a524d	2019-02-18 11:38:33.943022+00	2019-02-18 11:38:34.060063+00	16	b9a4b0ba-2abd-4944-8f08-3c658d17033f	{"version": 1}	Fail
d7690877-8057-449e-a71b-34808ee5c716	2019-02-18 11:39:58.841289+00	2019-02-18 11:39:58.951995+00	16	47007590-e901-4cad-80f8-ffa2cd44dbca	{"version": 1}	Fail
619c2eaa-a1b8-43c1-aa89-1bdca4ee3fe9	2019-02-18 11:41:25.859453+00	2019-02-18 11:41:25.982546+00	16	5aefcffe-7891-4ddd-a96e-ce82d9635412	{"version": 1}	Fail
6d0ebb41-de9b-497b-9081-e0212c9c5031	2019-02-18 11:45:11.94827+00	2019-02-18 11:45:12.056073+00	16	b1b484a2-12e0-4661-962b-1826cdc80ebf	{"version": 1}	Fail
c0e79572-3f22-40f5-a96c-cccdf399ab1c	2019-02-18 11:46:24.900921+00	2019-02-18 11:46:25.012193+00	16	abee743b-8fb7-416f-b875-a68717ef1a1c	{"version": 1}	Fail
5217840b-d9e4-4b7e-8253-a1a3e021bcb1	2019-02-18 11:48:28.511049+00	2019-02-18 11:48:28.65093+00	16	526badd8-2f7b-49ef-8bfc-d183b6dc89f7	{"version": 1}	Fail
eabd6db6-4ace-478f-8548-a86e9b74ee75	2019-02-18 12:41:00.157041+00	2019-02-18 12:41:00.268356+00	16	34a509ca-c6b4-4d51-9348-d10420f1c270	{"version": 1}	Fail
4742a358-88a5-470a-af1c-ff4ba965012c	2019-02-18 12:41:43.33285+00	2019-02-18 12:41:43.437422+00	16	cff64a03-3fc8-4881-802e-8a35599c3c49	{"version": 1}	Fail
3006bc2f-d2de-49de-9b86-7abc806221ec	2019-02-18 12:42:21.451134+00	2019-02-18 12:42:21.560318+00	16	cdf49eee-bb74-47b4-a9ca-74d4aff0b112	{"version": 1}	Fail
af8c150e-79e1-468b-9165-a995135a4057	2019-02-18 12:44:48.648341+00	2019-02-18 12:44:48.776285+00	16	0d217cb0-0f96-4184-9d50-4711bf63cd9a	{"version": 1}	Fail
8c30cbe1-c65a-4399-86a6-6b487bbb9e25	2019-02-18 12:46:42.652144+00	2019-02-18 12:46:42.758761+00	16	cc2a8e57-9c46-4889-9400-5962e15318c0	{"version": 1}	Fail
15eb3044-4cbf-404f-8a9b-99a767fc4054	2019-02-18 12:47:18.13702+00	2019-02-18 12:47:18.255615+00	16	57e569c4-5808-4a28-90ce-979e82bfcddd	{"version": 1}	Fail
fa125f17-5014-482c-9130-0461ce85985f	2019-02-18 12:47:55.206602+00	2019-02-18 12:47:55.338309+00	16	18b4b167-00c0-45a0-beec-9897541b1b17	{"version": 1}	Fail
91176060-860a-4304-a845-19260a9fd65d	2019-02-18 12:48:14.877091+00	2019-02-18 12:48:14.987007+00	16	88f536f4-9738-4d7f-806d-591fd4bc48d9	{"version": 1}	Fail
69c64536-3728-497d-b386-4302bcf7fd21	2019-02-18 12:49:52.64519+00	2019-02-18 12:49:52.750192+00	16	f542d30a-9a7c-47e9-ac20-1b9e36be1615	{"version": 1}	Fail
2543ae2e-b5e3-404f-9394-d5e7ba8c9819	2019-02-18 12:50:15.645534+00	2019-02-18 12:50:15.749408+00	16	c23e49f5-8ce8-4247-b425-86ff9f23dd2a	{"version": 1}	Fail
646385e1-37d3-4c2c-be92-8ab837a3c5dd	2019-02-18 12:52:21.534195+00	2019-02-18 12:52:21.636743+00	16	742d9566-a7a9-4253-adb4-80b2c380d746	{"version": 1}	Fail
320af8aa-26fb-4823-9ce2-fd472d70ec32	2019-02-18 12:53:10.132544+00	2019-02-18 12:53:10.236345+00	16	6942d513-2a61-4757-ba77-a6a0e329b987	{"version": 1}	Fail
599e6bee-d347-40cd-b60e-a0496b4a9d98	2019-02-18 13:02:51.769658+00	2019-02-18 13:02:51.87261+00	16	d9ce4b72-ba36-42df-9edb-100dec446866	{"version": 1}	Fail
21814672-6261-45b1-a5e6-990e3aea3006	2019-02-18 13:13:30.002242+00	2019-02-18 13:13:30.10721+00	16	97aeb68d-d9d9-4622-b2a5-bde1406b750a	{"version": 1}	Fail
f26fea5e-2130-426f-9964-021a3c6b1b82	2019-02-18 13:13:52.823877+00	2019-02-18 13:13:52.928876+00	16	b63c908f-ccb4-47ec-84ce-b07e70dd94c6	{"version": 1}	Fail
12ba8354-d4ed-4b75-8885-5868b32ade5c	2019-02-18 13:15:00.658481+00	2019-02-18 13:15:00.762813+00	16	728d5719-5280-49c7-abb8-d66f9e6f5f91	{"version": 1}	Fail
7901615e-6d43-4352-aea9-f5937f98b793	2019-02-18 13:15:31.728521+00	2019-02-18 13:15:31.831436+00	16	6d11a6e4-91df-44f0-84b4-15120102f480	{"version": 1}	Fail
c618ddd7-00e6-4fc9-8a81-ddf82fa558fb	2019-02-18 13:18:32.264014+00	2019-02-18 13:18:32.366902+00	16	baa579d9-997f-4ac7-8441-220692505937	{"version": 1}	Fail
6eab6bdb-89a8-4214-8bf5-cf814632b423	2019-02-18 13:19:42.783785+00	2019-02-18 13:19:42.893408+00	16	dc943f26-da19-47af-b928-31645dce6b00	{"version": 1}	Fail
ceed2b22-da64-4f4e-83a8-41118833a201	2019-02-18 14:38:57.178793+00	2019-02-18 14:38:57.179957+00	16	145576ce-f9e8-4168-a2e9-3075d2752772	{"version": 1}	Fail
88ecf57d-3693-414e-931d-bcddb12028aa	2019-02-18 14:39:04.274578+00	2019-02-18 14:39:04.378149+00	16	dde4b9bd-ae68-4541-8443-36c20a837c13	{"version": 1}	Fail
353b761f-b7e5-49b0-af19-5d0f6c482f4a	2019-02-19 06:34:24.783999+00	2019-02-19 06:34:24.785209+00	16	381d6a22-beae-4fec-a79c-e5a68aaa3522	{"version": 1}	Fail
d83a888d-a9c9-42c1-8e0e-7035651445f6	2019-02-19 06:40:22.570615+00	2019-02-19 06:40:22.571689+00	16	bc3cd5cc-d05c-4e12-acd7-fef885f0f94e	{"version": 1}	Fail
73249abb-c373-47db-a612-4f2e4498e948	2019-02-19 08:25:30.243763+00	2019-02-19 08:25:30.244872+00	16	f0c13414-2644-4989-89a1-facf6cff5a2d	{"version": 1}	Fail
1c35507f-c28f-404b-b089-62c02f561b5e	2019-02-19 08:29:45.600911+00	2019-02-19 08:29:45.602077+00	16	9133b307-cc1b-4b6e-a6a0-462ad3716775	{"version": 1}	Fail
511b87ae-ebba-435b-8737-6bda0618491a	2019-02-20 13:02:33.950115+00	2019-02-20 13:02:33.951369+00	16	c2e6c70c-94df-45ba-88f5-584d96893640	{"gbg": {}, "version": 1}	Fail
50c697de-1667-4322-9adc-941a76195d66	2019-02-20 13:06:07.841224+00	2019-02-20 13:06:07.841238+00	15	823a26b2-96a7-47fd-a9a6-375debcece0f	{"gbg": {}, "version": 1}	Fail
fc14125b-40d8-4e6a-b9c5-eb08dd95cb61	2019-02-20 13:22:42.032594+00	2019-02-20 13:22:42.032607+00	15	6988b4bc-8879-45d4-b962-72ca5767ebac	{"gbg": {}, "version": 1}	Fail
a411d79c-87c9-48e4-86ae-7589b821b71e	2019-02-20 14:30:21.091312+00	2019-02-20 14:30:21.091325+00	15	109236bc-2ff8-4ca3-848b-2e99096bbc1e	{"gbg": {}, "version": 1}	Fail
e5170f8a-5d76-4d98-92ba-20be6ef90739	2019-02-21 07:30:02.175626+00	2019-02-21 07:30:02.175653+00	15	8e489d81-5e15-41ea-aff8-c7f1558bf568	{"gbg": {}, "version": 1}	Fail
c715302e-67e6-44d8-b183-83de8047be6f	2019-02-21 09:22:26.770143+00	2019-02-21 09:22:26.770156+00	15	0d5a83a6-17d0-4a56-a24c-ec96d30a9c67	{"gbg": {}, "version": 1}	Fail
12856588-8c29-478d-b237-571d8542363b	2019-02-12 09:34:24.049936+00	2019-03-11 13:10:44.228193+00	16	00163068-1862-4ac4-b0b4-34dc2c5098d4	{"version": 1}	Fail
b7300dd8-87a3-4166-a884-235bba3b0ff6	2019-02-12 09:55:37.818562+00	2019-03-04 06:28:09.361742+00	15	c3436317-60bd-464e-885a-1e8f98451c6e	{"version": 1}	Fail
5d1cd068-9b50-4db2-9d3a-5732dfa1d11c	2019-02-21 09:22:39.231179+00	2019-02-21 09:22:39.231194+00	15	91ca1d3e-7881-4512-b955-c220b766bae4	{"gbg": {}, "version": 1}	Fail
fb6483ae-b28c-4e23-abab-d01e5d46a839	2019-02-21 09:22:56.751263+00	2019-02-21 09:22:56.751276+00	15	0101f6e5-7785-424b-a8ab-b8ad95babeed	{"gbg": {}, "version": 1}	Fail
007d9511-eca0-41fa-a4b8-fa4871036b9a	2019-02-21 09:23:08.573885+00	2019-02-21 09:23:08.573898+00	15	92881f6b-a3f9-40d1-88b1-68179751c77d	{"gbg": {}, "version": 1}	Fail
97a07b8c-9d80-4daa-9dce-3d2cea3f85c4	2019-02-21 09:23:25.604094+00	2019-02-21 09:23:25.604109+00	15	81b12ad6-4b5d-4e7e-8415-e534515c85c6	{"gbg": {}, "version": 1}	Fail
8fc9b213-7645-4059-b0aa-e6c828b67151	2019-02-21 09:23:38.458096+00	2019-02-21 09:23:38.458113+00	15	0c67ce4c-86cb-4c7a-9afc-8ed2fffe97da	{"gbg": {}, "version": 1}	Fail
7880cf3d-f77a-43e4-90d8-1e8220c9f5dd	2019-02-21 09:24:08.883373+00	2019-02-21 09:24:08.883387+00	15	48857927-8f58-43eb-80be-a432ca6da5e5	{"gbg": {}, "version": 1}	Fail
b4e69544-05ae-4c97-a882-64c26afcfaaa	2019-02-21 09:24:40.666692+00	2019-02-21 09:24:40.666705+00	15	4f00e2b3-ecc0-499a-8093-09b3df21c441	{"gbg": {}, "version": 1}	Fail
59d2d149-9226-492f-b649-787439ca2dc4	2019-02-21 09:25:00.767241+00	2019-02-21 09:25:00.767255+00	15	cb204ef8-0c54-4921-82e4-4635c89a7aac	{"gbg": {}, "version": 1}	Fail
b320558d-8222-464a-b238-71670554d584	2019-02-21 09:37:06.928766+00	2019-02-21 09:37:06.92878+00	14	a7762a54-c63a-4f8d-9579-09c393785d4b	{"gbg": {}, "version": 1}	Fail
22068ef9-838b-42eb-8417-dab30dc19d8c	2019-02-21 09:37:34.085319+00	2019-02-21 09:37:34.085332+00	14	1cc5c106-dde9-4c8c-b54b-6948c86eb99f	{"gbg": {}, "version": 1}	Fail
9ab3a995-70aa-45a7-9c07-06c35f3c5ecd	2019-02-21 09:44:37.249299+00	2019-02-21 09:44:37.249312+00	14	3a2ec983-d218-4e03-ba86-0f6d520ad229	{"gbg": {}, "version": 1}	Fail
b5b7c2d8-3d16-44db-b3cc-f9966a83deeb	2019-02-21 09:56:44.068427+00	2019-02-21 09:56:44.06844+00	14	d1893c61-c72b-4f68-809f-daa593299b82	{"gbg": {}, "version": 1}	Fail
ecfb7ce1-8f8e-44b8-a9b6-774331e0ec1d	2019-02-21 09:57:34.909747+00	2019-02-21 09:57:34.90976+00	14	e722f15a-a50b-43f8-89e7-7aadb1210035	{"gbg": {}, "version": 1}	Fail
d3266896-6335-4b84-b7de-b64f320e395e	2019-02-21 10:26:54.636816+00	2019-02-21 10:26:54.636829+00	14	bdb7b259-b625-42af-a5bd-dbf71cc252f4	{"gbg": {}, "version": 1}	Fail
7b92a3a3-55e9-4199-b87d-83b8e25d8bef	2019-02-21 10:27:18.245436+00	2019-02-21 10:27:18.24545+00	14	5c2df3a8-4f64-4df2-95ad-e71fc8902791	{"gbg": {}, "version": 1}	Fail
4bf79286-0d6f-454b-bf48-2a12620b776b	2019-02-21 12:23:16.667574+00	2019-02-21 12:23:16.667588+00	15	60ec1f98-4cea-4aaa-adac-17dd928b7925	{"gbg": {}, "version": 1}	Fail
30b732c9-bed6-416d-b202-d2287a7846f7	2019-02-22 07:11:30.12294+00	2019-02-22 07:11:30.122954+00	15	b1c335eb-47b0-4703-aa65-fce6472b3fff	{"gbg": {}, "version": 1}	Fail
ab0d2910-bf87-4407-ba60-434d1f8729f6	2019-02-22 07:35:46.058463+00	2019-02-22 07:35:46.058477+00	14	b3cdb1ed-975c-439a-b91e-7eb9c2ae6101	{"gbg": {}, "version": 1}	Fail
322d5695-a52b-4021-b6b7-2872f09f789a	2019-02-22 07:47:23.888631+00	2019-02-22 07:47:23.888644+00	15	6f3282d3-cca6-42f0-8c5f-0aa673532a20	{"gbg": {}, "version": 1}	Fail
4d8f2f3d-4fe5-42d3-9aaf-95bc1a5a935b	2019-02-22 07:50:25.060626+00	2019-02-22 07:50:25.06064+00	15	a282eff2-7a13-42c9-bd83-d3d14f580ec2	{"gbg": {}, "version": 1}	Fail
2c934cd0-60ec-4ac0-9135-6df6681403de	2019-02-22 07:51:18.12092+00	2019-02-22 07:51:18.120934+00	15	6c382585-cd43-46d5-b133-4d1533482078	{"gbg": {}, "version": 1}	Fail
c4c73f8e-1d02-41de-a527-089a3ced2e4a	2019-02-22 07:53:50.385779+00	2019-02-22 07:53:50.385864+00	15	eb9c20b0-5af3-40f5-a6d1-f541a29aafe2	{"gbg": {}, "version": 1}	Fail
2b27dced-9f22-4130-aa23-a56f8513bf11	2019-02-22 07:56:26.062787+00	2019-02-22 07:56:26.062802+00	15	3cd159ad-c859-4405-b465-f07084e05a76	{"gbg": {}, "version": 1}	Fail
9c694aa1-6050-4fdd-b800-4b9c362db2dc	2019-02-22 07:59:19.427618+00	2019-02-22 07:59:19.427632+00	15	6be456a1-ef47-4fc2-848b-d7a3eef9c83b	{"gbg": {}, "version": 1}	Fail
5cce1e4d-c43c-4158-b8d1-87d6b563c3cf	2019-02-22 08:03:50.572076+00	2019-02-22 08:03:50.572089+00	15	2dba2e41-0c36-4de5-8501-74fa5782d6ea	{"gbg": {}, "version": 1}	Fail
72ea8013-d8b0-4e28-b1fe-1fa9c558fb79	2019-02-22 10:37:47.067395+00	2019-02-22 10:37:47.067408+00	15	8d20956b-d720-4076-b12f-40c3a435695f	{"gbg": {}, "version": 1}	Fail
eeccd955-30e8-4c6b-b490-0f462e7d8fd5	2019-02-22 10:42:17.382519+00	2019-02-22 10:42:17.382533+00	14	cc03b105-30f6-4a87-9aa8-76f45e101392	{"gbg": {}, "version": 1}	Fail
87604fb9-fa8f-4ec7-9ee7-0d1d1e3ba137	2019-02-22 10:45:01.796504+00	2019-02-22 10:45:01.796523+00	14	66a86473-637f-41df-886a-0cf8d00535a8	{"gbg": {}, "version": 1}	Fail
b7f9d258-2a94-4f97-803e-ff796beef7fb	2019-02-22 10:47:08.791335+00	2019-02-22 10:47:08.79135+00	14	352b4c09-c14d-4f98-a2b6-f23e740f895c	{"gbg": {}, "version": 1}	Fail
08018646-8b12-4fec-bd38-0af29753318d	2019-02-22 10:47:40.298562+00	2019-02-22 10:47:40.298576+00	14	05def290-b899-440f-bde2-967ba89a061b	{"gbg": {}, "version": 1}	Fail
d138b642-bcad-4dfd-bdb4-7019ff6c5383	2019-02-22 10:48:48.413186+00	2019-02-22 10:48:48.413201+00	14	0a153ff8-5f32-42cb-bb10-4279ef5f7cff	{"gbg": {}, "version": 1}	Fail
812fd798-63b6-4b4b-94fe-d34fd67b5152	2019-02-22 13:41:34.914321+00	2019-02-22 13:41:34.914336+00	15	3b2dcf04-9be2-4ce8-a177-8e4b9b79635f	{"gbg": {}, "version": 1}	Fail
434bce08-12be-4835-888f-a49365390da4	2019-02-22 15:08:18.825214+00	2019-02-22 15:08:18.825229+00	15	0d0e074b-0718-497c-9019-4071afb94ce9	{"gbg": {}, "version": 1}	Fail
b60e2d09-fb4d-4734-b1c6-8ae67f515e0c	2019-02-22 15:09:56.388825+00	2019-02-22 15:09:56.388839+00	15	d6a19aee-58b1-418c-8ac0-f37df6d74502	{"gbg": {}, "version": 1}	Fail
54d222b8-3cb1-4789-9b4f-9ce3ecc9f2e8	2019-02-22 20:02:02.13828+00	2019-02-22 20:02:02.14058+00	16	954e3d8f-bb81-4ca6-88dd-f7b04ffc1178	{"gbg": {}, "version": 1}	Fail
32323510-bce3-44e2-9710-e4e3fd5c25a0	2019-02-25 13:44:15.899813+00	2019-02-25 13:44:15.901693+00	16	d79f5180-a0c6-4ee8-8538-7c71124e6dc5	{"gbg": {}, "version": 1}	Fail
e8a6877f-f3cb-436b-b492-708ded44b4bc	2019-02-26 06:22:22.308053+00	2019-02-26 06:22:22.309389+00	16	9831c723-4dcf-43d1-bc0f-1ee93a29f22b	{"gbg": {}, "version": 1}	Fail
713cbbf2-df5b-4a59-81d8-21bd3fb94e95	2019-02-26 07:21:06.2273+00	2019-02-26 07:21:06.233186+00	16	14797652-68b3-4e3a-8797-d1581c30a003	{"gbg": {}, "version": 1}	Fail
b65667b9-4607-4ad5-a62a-840472107746	2019-02-26 07:51:55.317669+00	2019-04-05 08:59:43.009729+00	16	d8c4a725-e261-495f-9c90-5ebb26312bf7	{"gbg": {}, "version": 1}	Fail
7355a5f4-d91e-4835-9896-d6a3d9507953	2019-02-26 08:31:18.481387+00	2019-02-26 08:31:18.482585+00	16	f0d1054a-dea8-48e9-a8fd-84e73e71c2fc	{"gbg": {}, "version": 1}	Fail
388e5acf-5d15-468a-9e3d-1be6305b186f	2019-02-27 09:16:42.739282+00	2019-02-27 09:16:42.740708+00	16	2de65869-74fc-4c84-a9d6-d3d936201e0b	{"gbg": {}, "version": 1}	Fail
3c92767e-167f-480d-8b2b-21772a463e8f	2019-02-27 12:40:26.732035+00	2019-02-27 12:40:26.733232+00	16	243885d0-23f2-47b8-a06c-4d4b4d7b491d	{"gbg": {}, "version": 1}	Fail
91d6a0c0-6510-47e3-abab-e4ddaef79988	2019-03-01 18:03:07.311084+00	2019-03-01 18:03:07.312341+00	16	662d73ff-fb2d-4876-972d-804e0915ccaa	{"gbg": {}, "version": 1}	Fail
6370e7af-cc67-4a2e-8a0f-ebb328a7845b	2019-02-27 14:45:16.261489+00	2019-02-28 13:42:31.058467+00	16	c7951ad6-d950-4910-9c82-42903f8971c4	{"gbg": {}, "version": 1}	Fail
e2bb2b43-19f2-41cb-bed7-0d8fc3685b46	2019-03-01 18:03:51.730819+00	2019-03-01 18:03:51.730834+00	15	a0ca5929-5fbe-40d9-b9c7-a11f9783faa9	{"gbg": {}, "version": 1}	Fail
aa75a455-6c7d-4085-9738-3b8831bec132	2019-03-01 09:04:56.542146+00	2019-03-01 12:37:10.447729+00	15	04ade93f-50e3-4ebd-b94c-15cf04a1a443	{"gbg": {}, "version": 1}	Fail
e2275f7e-462c-4fc9-8868-414c02302035	2019-02-28 15:15:15.745642+00	2019-04-03 09:44:09.073936+00	16	dee4eda6-3428-4240-8f4f-d76f9f90688d	{"gbg": {"country_fields": {"driver_licence_number": null, "driver_licence_postcode": null, "driver_licence_issue_date": null}}, "version": 1}	Fail
0aae2310-c151-4279-9ccf-d8a359fde90b	2019-03-01 14:39:04.016329+00	2019-03-01 14:41:11.163294+00	15	ad2f128e-4928-479f-87e0-606cb391998d	{"gbg": {}, "version": 1}	Fail
ef5ff64f-4140-4130-911d-cb3781c13532	2019-03-01 15:58:20.489488+00	2019-03-01 15:58:20.489502+00	15	f112feeb-b2e0-4665-a076-1bd46b92af5b	{"gbg": {}, "version": 1}	Fail
47d34eae-ec03-4f35-a167-dd9403a2381e	2019-03-02 09:14:20.359187+00	2019-03-02 09:14:20.3604+00	16	d0cf6078-d968-4fc3-9e8c-b9f659c377f2	{"gbg": {}, "version": 1}	Fail
65c397b7-12d9-4e31-a1a7-4b23d39edd31	2019-03-02 20:23:41.943245+00	2019-03-02 20:25:34.977041+00	14	8475f12b-e51b-4b12-83bb-f60ceecb8c7b	{"gbg": {"id": "88200c2f-e9fc-4117-9774-ad0a0944e0e4", "date": "2019-03-02T20:25:34.976", "country_fields": {"driver_licence_number": null, "driver_licence_postcode": null, "driver_licence_issue_date": null}, "authentication_count": 1}, "version": 1}	Fail
93809b8d-3c86-418a-9e3d-50aaf7bbdade	2019-03-02 13:32:13.468146+00	2019-03-02 13:34:21.081167+00	15	86da1264-d1ef-47c5-a9ce-0b1f42f24598	{"gbg": {}, "version": 1}	Fail
5f535e63-62a9-4be6-a114-62490b2ffb42	2019-03-03 19:55:35.336829+00	2019-03-03 19:55:35.338252+00	16	122d8e4c-87e4-478b-b2a8-4eb4eaa50504	{"gbg": {}, "version": 1}	Fail
db71899e-f31d-4c0b-bdde-47b6aadfb3ee	2019-03-04 06:42:55.720375+00	2019-03-04 06:42:55.721738+00	16	88215d5c-2ea4-4f12-b639-4feadc64f293	{"gbg": {}, "version": 1}	Fail
f4933e37-056b-4570-9294-ee0daa5ff9f9	2019-03-04 06:44:26.9769+00	2019-03-04 07:21:22.97497+00	16	6b7b5db9-f596-42e6-aa40-4585f7ffd5b5	{"gbg": {}, "version": 1}	Fail
5d7f9bcf-ec91-436c-9bef-47e88213aaca	2019-03-04 08:55:13.627706+00	2019-03-04 08:55:13.629109+00	16	c61dc8ee-992c-4872-a30c-f52c58834cc2	{"gbg": {}, "version": 1}	Fail
bfb834a8-5d47-4075-a873-fc8416c9f177	2019-03-07 09:52:37.668607+00	2019-03-07 09:58:32.112961+00	16	78d65222-3417-4752-8513-0a749418f174	{"gbg": {"country_fields": {"driver_licence_number": "asfasfaf", "driver_licence_postcode": "asfasf", "driver_licence_issue_date": "2019-01-05"}}, "version": 1}	Fail
868da6b1-6918-4dbb-b6d2-f607ed2e20b0	2019-03-12 12:38:38.603552+00	2019-03-12 12:39:35.562667+00	16	ad9d2d39-b7d8-4461-9bad-4b92546556ed	{"gbg": {"country_fields": {"driver_licence_number": null, "driver_licence_postcode": null, "driver_licence_issue_date": null}}, "version": 1}	Fail
a6a24a76-c1c8-4928-897a-c4cae63b6ef5	2019-03-04 10:52:35.995051+00	2019-03-04 11:16:44.544741+00	16	b38c9aa6-fc13-4952-b624-cad4dbd0c56b	{"gbg": {}, "version": 1}	Fail
f10f3f75-a0ce-401f-a47a-966c021a1be1	2019-03-04 11:29:33.906443+00	2019-03-04 11:38:56.79543+00	15	19bc2201-1bff-4665-9ec7-5fb8993133ce	{"gbg": {"country_fields": {"driver_licence_number": "wqfqwf", "driver_licence_postcode": "qwf", "driver_licence_issue_date": "2016-01-04"}}, "version": 1}	Fail
402ba936-dd2d-402a-90ff-22fd1e0283de	2019-03-04 12:08:57.861046+00	2019-03-04 12:08:57.861059+00	15	04016f9f-cf4c-46e7-b4d9-be3750d96524	{"gbg": {}, "version": 1}	Fail
6ece8018-d272-4f88-9346-9fc4014af5a5	2019-03-04 13:14:45.726461+00	2019-03-04 13:14:45.726477+00	15	fd8cf933-1c69-4e2b-b9f1-46691d5363c2	{"gbg": {}, "version": 1}	Fail
af4b1d95-1a29-4c91-a7de-b97940a42cb6	2019-03-04 13:18:45.846228+00	2019-03-04 13:18:45.846243+00	15	48eb9f3a-0565-4514-929b-3abe4dcaee8e	{"gbg": {}, "version": 1}	Fail
43e25611-7b77-4ae6-9a2f-51e563937047	2019-03-06 10:50:44.597937+00	2019-03-06 12:32:03.420009+00	16	75943970-e687-4aee-af62-7d6f01d10fec	{"gbg": {"country_fields": {"driver_licence_number": null, "driver_licence_postcode": null, "driver_licence_issue_date": null}}, "version": 1}	Fail
a5185187-f4ff-46f1-a262-755e1bb1e214	2019-03-05 10:59:04.991302+00	2019-03-11 12:21:11.273742+00	16	8dba66b2-2851-4a7e-a3fb-b46ecf570407	{"gbg": {"country_fields": {"driver_licence_number": null, "driver_licence_postcode": null, "driver_licence_issue_date": null}}, "version": 1}	Fail
39ec44dc-caac-4c3f-a794-772dcb52c49e	2019-03-11 09:06:30.918905+00	2019-03-11 09:06:30.918919+00	15	55d17dbb-348f-469d-9e0a-8a73bbc931f1	{"gbg": {}, "version": 1}	Fail
a9ff73a8-ed11-4d94-9ef6-287f8fcff038	2019-03-04 13:19:43.63472+00	2019-03-04 14:08:10.725967+00	16	293c12c5-bb6c-43ee-9d40-9d50917704a9	{"gbg": {}, "version": 1}	Fail
275ee923-1bb8-41dc-97b4-857ca8528b0b	2019-03-04 14:08:44.795531+00	2019-03-04 14:08:44.796902+00	16	093646a5-41f9-44f3-a426-c1deed35dc20	{"gbg": {}, "version": 1}	Fail
77c4a02a-dd85-4060-bf2d-5732318a5eab	2019-03-11 09:11:09.056498+00	2019-03-11 09:11:09.056513+00	15	e6f3be8a-9882-4fb0-8500-06725c50d8d6	{"gbg": {}, "version": 1}	Fail
cfb3146b-c786-4e50-b8ae-f01c50d42109	2019-03-06 15:04:39.837962+00	2019-03-06 15:13:14.456839+00	16	11f4487d-3bb1-4c20-bcc3-366a8813844b	{"gbg": {"country_fields": {"driver_licence_number": null, "driver_licence_postcode": "SL9 8FQ", "driver_licence_issue_date": null}}, "version": 1}	Fail
30f87733-d1a4-47dd-9cff-bffe57e38168	2019-03-11 09:12:39.916025+00	2019-03-11 09:12:39.916038+00	15	6873d432-77a7-4e5d-b758-48d970ee18b6	{"gbg": {}, "version": 1}	Fail
4f5b3c67-18e8-4e85-84ae-c6ab71727766	2019-03-04 14:14:53.33569+00	2019-03-04 14:14:53.335704+00	15	f87d736d-167f-45ae-b9d3-f80422601e4d	{"gbg": {}, "version": 1}	Fail
4c417cdb-4dee-4003-a08e-f98a192c45b0	2019-03-04 15:03:37.891801+00	2019-03-04 15:03:37.896342+00	16	71e91daa-3d4a-40a1-860c-89ac909979ae	{"gbg": {}, "version": 1}	Fail
ea758005-624a-48c2-b1fe-9598d8790a7a	2019-03-05 07:12:54.36372+00	2019-03-05 07:12:54.363732+00	14	ee5639a5-9154-4616-b617-9f6f21769a82	{"gbg": {}, "version": 1}	Fail
969c1145-8fd6-418f-9bcc-2e24950e7d7c	2019-03-06 15:25:31.377835+00	2019-03-07 08:11:52.529353+00	15	1ad98bd5-aaa3-47f3-a749-056d0a52aacd	{"gbg": {"country_fields": {"driver_licence_number": null, "driver_licence_postcode": null, "driver_licence_issue_date": null}}, "version": 1}	Fail
d1afe55b-420b-48ac-aa72-78d80c59e72b	2019-03-05 13:59:43.159022+00	2019-03-05 15:46:40.086921+00	15	2c8ff575-9cd8-4db9-98b6-d3aebd899ad1	{"gbg": {}, "version": 1}	Fail
20290221-9d3e-4d75-8e87-b4891dee4de7	2019-03-05 13:42:43.261084+00	2019-03-05 13:42:43.262281+00	16	cfd5e6d9-f12a-4cf3-879a-8d38b414cdee	{"gbg": {}, "version": 1}	Fail
0b4df1af-5848-4a19-9bc9-f470556aeb60	2019-03-11 09:41:59.71532+00	2019-03-11 09:41:59.715333+00	15	c60c722c-38f8-4ec8-985f-1c8a86cd3011	{"gbg": {}, "version": 1}	Fail
40db069f-f325-461c-a24c-b371d8450bd1	2019-03-05 11:01:41.57973+00	2019-03-05 11:41:49.720381+00	16	a70ae86f-ccb0-4c20-b797-44549c1d6f24	{"gbg": {"country_fields": {"driver_licence_number": "qwdqwdqwd", "driver_licence_postcode": "fasfasf", "driver_licence_issue_date": "2015-01-01"}}, "version": 1}	Fail
f2a2e6ed-3878-463e-9ee0-817fda9baba7	2019-03-11 09:51:08.71741+00	2019-03-11 09:51:08.718596+00	16	bc66633c-4fab-4559-81af-360c897b0aa8	{"gbg": {}, "version": 1}	Fail
493c7ae8-f4d8-4b82-a13e-12872e94ec9d	2019-03-07 08:17:51.053491+00	2019-03-07 08:24:22.542859+00	16	4837b7c2-f9d6-48ad-bd17-d744af8f07bb	{"gbg": {"country_fields": {"driver_licence_number": null, "driver_licence_postcode": null, "driver_licence_issue_date": null}}, "version": 1}	Fail
3370735b-a320-4ee1-a0b8-0d312722b47d	2019-03-07 09:23:35.591926+00	2019-03-07 09:23:35.59194+00	15	9609f213-bdae-4ab3-b8b8-3030a7202349	{"gbg": {}, "version": 1}	Fail
a20257d4-aaa2-4583-aed2-2b236a89f816	2019-03-11 09:51:37.125096+00	2019-03-11 09:51:37.12511+00	15	26e1871b-4d5a-4e3b-adbe-f0321f5fa0e2	{"gbg": {}, "version": 1}	Fail
d13dacdb-9a49-426e-b703-a8dc514c9ca0	2019-03-11 10:16:15.952299+00	2019-03-11 10:16:15.952313+00	15	3d64ea27-b405-4b6a-98c0-80e9df508bb0	{"gbg": {}, "version": 1}	Fail
793e7b55-de50-4e62-aae4-f85aada813e7	2019-03-11 11:25:18.652244+00	2019-03-11 11:25:18.65226+00	15	df5106ae-8f78-415c-9455-6244c90e18a5	{"gbg": {}, "version": 1}	Fail
075d20e4-673a-4418-aebd-a276af61ce6b	2019-03-12 13:40:20.895798+00	2019-03-12 13:40:20.895813+00	15	447ae1f3-d356-459f-96c6-598c4191efef	{"gbg": {}, "version": 1}	Fail
bdf7f4a5-8603-4e02-8392-06a1fbf20100	2019-03-11 12:26:34.631435+00	2019-03-11 12:40:00.750072+00	16	6c9dd034-bf89-4945-a4bb-1d179aa52640	{"gbg": {}, "version": 1}	Fail
9f6f4ac6-ca51-49b0-a10b-27eaa546f3a0	2019-03-12 07:00:19.371035+00	2019-03-12 11:13:58.157208+00	16	fd250725-81e6-4f47-acdf-a1e118cb4499	{"gbg": {"country_fields": {"driver_licence_number": null, "driver_licence_postcode": null, "driver_licence_issue_date": null}}, "version": 1}	Fail
02b16997-107f-4214-a695-4455905e1f13	2019-03-12 13:41:16.653561+00	2019-03-12 13:41:16.653574+00	15	8e4e6344-2a87-4b06-9e18-6ccb8a4b94d9	{"gbg": {}, "version": 1}	Fail
8b0e0c5c-a001-49ea-a1bb-67211980f235	2019-03-12 13:41:24.741016+00	2019-03-12 13:41:24.741029+00	15	673cf695-ea60-42b1-8ab3-5e0ad70e9eb2	{"gbg": {}, "version": 1}	Fail
1f8305e6-7f3c-443a-9c13-dc76f2fffae3	2019-03-12 14:00:21.406726+00	2019-03-12 14:00:21.40674+00	15	aa03592b-b88b-415e-adef-7f106a116a52	{"gbg": {}, "version": 1}	Fail
11ba9e8a-6425-484a-ba64-d73ae8820e44	2019-03-12 13:41:37.772237+00	2019-03-12 13:41:37.772251+00	15	64c456ca-2e5b-4f84-8ca2-71d886a9c1e0	{"gbg": {}, "version": 1}	Fail
bc8c49b7-87c9-4977-b78c-4f02125e3283	2019-03-12 13:41:47.523369+00	2019-03-12 13:41:47.523383+00	15	25182ae7-3187-4d12-803b-370a13815d26	{"gbg": {}, "version": 1}	Fail
b7e91eae-d4e4-408b-a38f-fa07de311a94	2019-03-12 14:00:07.479928+00	2019-03-12 14:00:07.479943+00	15	b1e8a997-43ef-479a-b250-cb49a053248c	{"gbg": {}, "version": 1}	Fail
c2ddbc65-65b2-4de0-a9f1-5bb6b08b6029	2019-03-12 14:00:39.797761+00	2019-03-12 14:00:39.797776+00	15	2208d2ec-8529-40e4-acd6-8dd6cb3aee78	{"gbg": {}, "version": 1}	Fail
fac4b8b4-a1d6-45d3-a072-2355c22af7f8	2019-03-12 14:00:51.236224+00	2019-03-12 14:00:51.236237+00	15	e58d0708-52ee-4812-85d9-0bfe24c1baa0	{"gbg": {}, "version": 1}	Fail
5c7b8632-5b89-476b-ba47-2637fa376695	2019-03-12 14:01:05.833671+00	2019-03-12 14:01:05.833688+00	15	a35b3016-b667-43dc-9964-1ac622af4165	{"gbg": {}, "version": 1}	Fail
556ec902-a0d3-43ed-8e83-5b469e6e62dc	2019-03-12 14:01:34.160334+00	2019-03-12 14:01:34.160348+00	15	0ce01636-1173-45a0-940b-5448e34e97c8	{"gbg": {}, "version": 1}	Fail
ad9b2f30-ae26-4999-9aa1-f2d956c0290b	2019-03-04 14:09:17.169258+00	2019-03-12 14:24:57.976306+00	16	b7c81d54-7bde-4497-8f47-1c9bf874ddb5	{"gbg": {"country_fields": {"driver_licence_number": null, "driver_licence_postcode": null, "driver_licence_issue_date": null}}, "version": 1}	Fail
d6bc4eec-2ea3-4952-96a9-facad1400f81	2019-03-12 16:26:02.082225+00	2019-03-12 16:26:02.083579+00	16	c43e210a-f81e-4d58-b3b5-d1fc9dfd2ff5	{"gbg": {}, "version": 1}	Fail
c0477564-e2be-4276-a63f-08068282cfd1	2019-03-01 15:56:27.434076+00	2019-04-08 16:12:13.063416+00	16	21111d93-aac7-4eea-962a-8f20ddb3ce07	{"gbg": {"country_fields": {"driver_licence_number": null, "driver_licence_postcode": null, "driver_licence_issue_date": null}}, "version": 1}	Fail
06daf68f-e02a-4a7f-9f88-d89fa9ed31cf	2019-03-14 18:14:50.325192+00	2019-03-14 18:14:50.325334+00	14	8a95f845-a23c-4f68-8fcb-2d756311b88f	{"gbg": {}, "version": 1}	Fail
a7cd1286-790c-4fb7-96e0-6d048b138970	2019-03-14 18:18:56.819287+00	2019-03-14 18:18:56.819305+00	14	f4b20223-07d6-49f0-a5d8-d407f340514c	{"gbg": {}, "version": 1}	Fail
ceff2572-445f-4124-935b-131a907f138b	2019-03-12 09:59:47.047588+00	2019-03-14 12:17:20.133356+00	16	867a1433-d0fd-42f2-8a2e-5bbc56e5ba40	{"gbg": {"country_fields": {"driver_licence_number": null, "driver_licence_postcode": null, "driver_licence_issue_date": null}}, "version": 1}	Fail
3163b673-02f3-4e39-99c8-4480e7420d0b	2019-03-13 06:53:08.522277+00	2019-03-13 07:00:30.137357+00	15	870855d9-eb98-4b66-a5e6-95e7eda8ea25	{"gbg": {"country_fields": {"driver_licence_number": null, "driver_licence_postcode": null, "driver_licence_issue_date": null}}, "version": 1}	Fail
7a295c93-bba6-4cf9-ac44-042761f93da4	2019-03-13 10:36:46.212308+00	2019-03-13 10:36:46.212321+00	15	874e2b02-eb49-4cce-9e2f-d4e85db1cf5b	{"gbg": {}, "version": 1}	Fail
1bf2c8b0-a76d-4228-8699-a3e221e1e0cc	2019-03-13 10:37:29.294094+00	2019-03-13 10:37:29.294112+00	15	8083e129-db2f-4e60-8c27-f9728a4a936d	{"gbg": {}, "version": 1}	Fail
32d02a30-7663-420f-81d3-d1f3032f33d8	2019-03-13 12:00:15.035519+00	2019-03-13 12:00:57.227447+00	16	e402a1f9-4054-4a1d-aac8-a1fd3d4d6928	{"gbg": {}, "version": 1}	Fail
53e082ac-658a-4651-ae2e-1beab458c43d	2019-03-14 18:21:20.791552+00	2019-03-14 18:21:20.791565+00	14	723f87b5-5d0a-44a3-a08f-beb0e0f79514	{"gbg": {}, "version": 1}	Fail
68581095-4d0a-429b-ae51-dc1952157b36	2019-03-14 12:43:48.851767+00	2019-03-14 12:44:08.14233+00	16	6dab7eb9-5cba-4b20-b976-da86d9ca11b4	{"gbg": {}, "version": 1}	Fail
db189afc-551c-4668-8414-4b63ae60da42	2019-03-15 09:02:04.519733+00	2019-03-15 09:02:04.519749+00	14	2a7f31a0-eb70-4c21-9542-f459529f2468	{"gbg": {}, "version": 1}	Fail
f8b83d4e-0b8e-4b20-8658-6d24137d8ff7	2019-03-14 12:44:48.018135+00	2019-03-14 12:51:47.493682+00	16	76fb5327-4615-4587-9826-2edebb23496f	{"gbg": {}, "version": 1}	Fail
a0ed8ec7-472c-4614-a710-658b29d720b9	2019-03-15 12:20:56.608596+00	2019-03-15 12:20:56.608609+00	15	baf8b992-91de-4c81-914d-5206d2e2c76e	{"gbg": {}, "version": 1}	Fail
a76a734a-a4f9-44f0-97f8-1768215b99eb	2019-03-14 12:52:16.451436+00	2019-03-14 12:53:09.676699+00	16	1a508858-fb0b-4dc4-a344-27e0a701b9fc	{"gbg": {}, "version": 1}	Fail
fdc9c398-580c-4e8d-b15d-4d857b68b798	2019-02-18 13:32:18.311233+00	2019-03-13 14:56:17.79075+00	16	844bb57d-0426-4573-90f3-50873c02bb95	{"gbg": {"version": 1, "country_fields": {"driver_licence_number": "STEWA701244BM9TR", "driver_licence_postcode": "B186DY", "driver_licence_issue_date": "2017-10-12"}}}	Fail
df890c25-7e8d-4e20-91a9-0f1c7272b711	2019-03-13 15:12:32.495419+00	2019-03-13 15:16:07.948227+00	16	aa7e1092-9ab5-44ec-b991-53ef51a6be82	{"gbg": {"country_fields": {"driver_licence_number": "1234", "driver_licence_postcode": "1234", "driver_licence_issue_date": "2017-01-04"}}, "version": 1}	Fail
6cd0b20a-a023-4b16-85f2-23a452eef309	2019-03-14 12:53:31.895654+00	2019-03-14 12:55:17.297226+00	16	2dfd78d8-6685-4b89-b0d3-4f8688a48ba1	{"gbg": {}, "version": 1}	Fail
c6437f06-2fbd-4e62-a1d9-8303172d1266	2019-03-19 17:46:34.842518+00	2019-03-19 17:46:34.844745+00	16	e5cb9ea2-2698-4ed3-a368-288e086481db	{"gbg": {}, "version": 1}	Fail
0be7b516-7a5c-496a-bc84-2ca1829b5323	2019-03-07 13:31:03.39483+00	2019-03-14 14:51:59.499282+00	15	9bc92cd9-83ee-456d-9a9c-0efbc16e09b4	{"gbg": {"country_fields": {"driver_licence_number": null, "driver_licence_postcode": null, "driver_licence_issue_date": null}}, "version": 1}	Fail
152e2225-fc91-4e6e-b47e-bf233784175c	2019-03-14 14:57:54.223228+00	2019-03-14 14:57:54.223241+00	14	3fa229e6-dff4-475b-b5ac-61f5030b0b03	{"gbg": {}, "version": 1}	Fail
993a3617-b17a-4207-a517-c982b1bf670c	2019-03-14 15:21:06.622026+00	2019-03-14 15:21:06.622038+00	14	69565193-21b4-4b09-8b25-65068ef18bad	{"gbg": {}, "version": 1}	Fail
ff90a2da-7cfa-426a-bef4-92caf4f01fcc	2019-03-14 15:29:25.97867+00	2019-03-14 15:29:25.978683+00	14	bfcba728-f659-4c7a-b88a-aa075acf922a	{"gbg": {}, "version": 1}	Fail
b5376a92-472d-4ee7-85ee-f48bd5c2570a	2019-03-13 15:21:35.604791+00	2019-03-13 18:14:38.566643+00	16	3c011ff3-f9d4-4783-8e20-749b332ea6ff	{"gbg": {}, "version": 1}	Fail
d5a541ba-fbb9-48e4-b675-06f3c709f651	2019-03-14 16:08:42.863076+00	2019-03-14 16:08:42.863089+00	14	88d11e0c-6f60-4a91-afab-f4838db63bcc	{"gbg": {}, "version": 1}	Fail
3979c44b-26b4-4444-ae26-27a51eb945ab	2019-03-14 16:10:39.657916+00	2019-03-14 16:10:39.657929+00	14	6b3f8b6d-28e8-485a-b74d-823c3cc09cd0	{"gbg": {}, "version": 1}	Fail
417a60be-40ca-44d8-8c3a-cb0986cb8417	2019-03-14 16:12:26.180494+00	2019-03-14 16:12:26.180508+00	15	6a73fad1-c2d9-4490-a8c4-b60d6c976acb	{"gbg": {}, "version": 1}	Fail
06fd5654-0597-4a5b-a90a-bdca0f00b257	2019-03-14 16:16:01.415976+00	2019-03-14 16:16:01.415992+00	15	40ce62b0-0693-4c62-8145-cece14110900	{"gbg": {}, "version": 1}	Fail
84854a3b-b28d-4fdd-bfc6-415bdc6de5fb	2019-03-14 17:22:16.496365+00	2019-03-14 17:22:16.496378+00	14	72612f25-5abc-43da-8b6c-960fd5d5ec2e	{"gbg": {}, "version": 1}	Fail
8fd187c7-7dd0-4354-95d3-5ae4aaa96abf	2019-03-14 17:25:24.401875+00	2019-03-14 17:25:24.401888+00	14	26d52fae-97d2-4642-acd6-bcd65ef633d4	{"gbg": {}, "version": 1}	Fail
c4649403-fd55-49d2-9e2b-305930e8d8a3	2019-03-14 17:26:12.964475+00	2019-03-14 17:26:12.964489+00	14	f4400cd2-9130-4435-ab2f-1e3689964dae	{"gbg": {}, "version": 1}	Fail
4ee59c36-eb5c-490a-a1a9-c1032bf6c7c5	2019-03-14 17:28:42.528361+00	2019-03-14 17:28:42.528374+00	14	b23c9b95-422c-4195-a0e2-f5bb339a75b6	{"gbg": {}, "version": 1}	Fail
23d17f9f-b3c8-4a33-961a-5ca66a5ae3f3	2019-03-14 17:30:10.47847+00	2019-03-14 17:30:10.478484+00	14	6bc29815-6f80-4e5d-9a06-906e71cf0687	{"gbg": {}, "version": 1}	Fail
cbb600ef-fe70-4674-9dc8-9fd71b2f5e00	2019-03-14 17:31:57.92228+00	2019-03-14 17:31:57.922294+00	14	3d964c6d-7759-4141-b01c-95f3c39d0422	{"gbg": {}, "version": 1}	Fail
c42deff5-b566-441e-a808-c809feff9346	2019-03-14 17:33:56.81841+00	2019-03-14 17:33:56.818434+00	14	e5a82db4-11f9-42c1-98cd-aea889d52002	{"gbg": {}, "version": 1}	Fail
a5360d23-ff27-4571-8884-26ab4fdebb36	2019-03-14 17:36:37.763477+00	2019-03-14 17:36:37.76349+00	14	f874cce6-4403-4647-b3e1-1a418f102b7e	{"gbg": {}, "version": 1}	Fail
f5098216-368e-4e47-a382-3d2f15af0246	2019-03-14 17:37:42.048088+00	2019-03-14 17:37:42.048104+00	14	421295e8-4301-4892-b670-5702c2358375	{"gbg": {}, "version": 1}	Fail
4dcefad3-beb4-4ada-8c44-fbc257c6e9ce	2019-03-14 17:39:15.037907+00	2019-03-14 17:39:15.037923+00	14	bf1206ac-3cef-40b2-ad1a-76a4c7055d95	{"gbg": {}, "version": 1}	Fail
2a72e452-9fd0-4163-9e1c-c7572623a47c	2019-03-14 18:01:25.240667+00	2019-03-14 18:01:25.240681+00	15	406bd269-c917-4c51-b200-4d8436dfa87f	{"gbg": {}, "version": 1}	Fail
ab34b9bf-f509-4695-9aa7-e633a48c8f39	2019-03-14 18:11:46.386071+00	2019-03-14 18:11:46.386748+00	14	17332e59-23c8-4352-b04c-70fa0f3a4643	{"gbg": {}, "version": 1}	Fail
39360905-a937-4911-91c6-fa5543272e16	2019-03-14 18:14:02.193447+00	2019-03-14 18:14:02.193591+00	14	6f2f4139-f77f-4d1f-8418-7f5c29b863d7	{"gbg": {}, "version": 1}	Fail
ea432ac7-c80a-4dfc-b306-60c4d217c933	2019-03-25 12:00:25.666734+00	2019-03-25 12:00:25.668848+00	16	f92ad152-77a4-4dae-9999-7298df72b6bb	{"gbg": {}, "version": 1}	Fail
50f82e1d-6877-4080-a303-2168513d8c97	2019-03-26 10:36:17.499075+00	2019-03-26 10:36:17.500235+00	16	f928e9de-e205-43cc-b6bc-c76c96672a1b	{"gbg": {}, "version": 1}	Fail
f9c33b7d-db26-44ad-ad15-f49a3526347e	2019-03-27 12:17:52.577932+00	2019-03-27 12:17:52.579103+00	16	6a3eec5e-bcb8-4210-8ee8-26c7857831d4	{"gbg": {}, "version": 1}	Fail
6620b5bf-48e1-4fa2-8430-f1214451bb4b	2019-03-27 11:17:11.507276+00	2019-03-27 11:20:30.530394+00	16	d6fd91d3-82b6-47e3-817d-116f2194119d	{"gbg": {}, "version": 1}	Fail
c3f457b4-60d2-45c3-a9d1-6d058d4ab538	2019-03-27 11:27:21.863158+00	2019-03-27 11:28:19.084483+00	16	6ab35572-c520-4357-8e8e-6efcaf9a35e2	{"gbg": {"country_fields": {"driver_licence_number": null, "driver_licence_postcode": null, "driver_licence_issue_date": null}}, "version": 1}	Fail
ca3ea267-d186-4336-b545-1e76275d3f69	2019-03-27 12:08:38.59921+00	2019-03-27 12:08:38.603304+00	16	17ea3c33-26db-4651-b466-de347667a7b3	{"gbg": {}, "version": 1}	Fail
131596d8-2dbd-46be-b7f7-7f169a1ecce7	2019-03-27 12:18:33.267742+00	2019-03-27 12:18:33.268833+00	16	c18ee942-e55d-45a8-a9ec-210390aaab4b	{"gbg": {}, "version": 1}	Fail
2e82d1cb-1de4-4d8a-a915-93cb7ad9bca9	2019-03-27 09:47:22.484881+00	2019-03-27 12:24:15.273012+00	16	5b5ef80e-a718-401b-9d2c-00824dbc8aea	{"gbg": {}, "version": 1}	Fail
e9597392-2e7f-4c22-b53c-27c4b9144a7f	2019-03-27 14:52:00.274748+00	2019-03-27 14:52:00.277326+00	16	322c5a1a-e02a-444f-8338-851dc6832763	{"gbg": {}, "version": 1}	Fail
ecfa4c49-cfe8-4602-9c7a-70e417a0f0bb	2019-03-27 15:51:23.621843+00	2019-03-27 15:51:23.623003+00	16	31743c5b-c1a8-4c28-9976-bd04517a2949	{"gbg": {}, "version": 1}	Fail
6e3488ea-d43d-4701-a5cd-4b80fcc63cb5	2019-03-28 13:18:15.665203+00	2019-03-28 13:18:15.665216+00	14	dcc85c91-6c0c-4225-8303-c2f318abf2f8	{"gbg": {}, "version": 1}	Fail
1ea1273b-4b2c-4df7-bfd2-38dac733df15	2019-03-28 13:51:43.632346+00	2019-03-28 13:51:43.63236+00	15	bd0f8ac5-b651-4779-93de-d593c36d9462	{"gbg": {}, "version": 1}	Fail
3f5a3ac5-a7bf-420d-9fe5-19f0102e1b1a	2019-03-29 09:03:35.671757+00	2019-04-04 08:37:37.0986+00	14	2fe7c3bb-cb83-4d9c-8bb2-f4275e710e1d	{"gbg": {}, "version": 1}	Fail
5fd35c2c-4662-45c0-8906-c44daed6559b	2019-03-27 15:54:11.390751+00	2019-03-29 09:13:29.459358+00	16	74901291-6fae-4f23-91ca-b2d1199c91dc	{"gbg": {}, "version": 1}	Fail
fc7ab08c-351b-48aa-bd8f-8b1628c48c9d	2019-03-01 12:38:23.355117+00	2019-04-08 07:47:28.921436+00	14	184def42-ce7e-4d59-9ba9-4bc5f4e57473	{"gbg": {"country_fields": {"driver_licence_number": null, "driver_licence_postcode": null, "driver_licence_issue_date": null}}, "version": 1}	Fail
61ca4531-908b-450b-96dc-f03eec21df7f	2019-03-29 13:11:29.892504+00	2019-03-29 13:11:29.896833+00	16	080fe038-96e6-4c8e-a1b8-15540ff3295f	{"gbg": {}, "version": 1}	Fail
e2651526-25be-4095-8f04-1049e96a26cf	2019-03-29 13:12:15.98828+00	2019-03-29 13:12:16.001238+00	16	f550b902-ec0b-44a4-bc17-e3315c8a459e	{"gbg": {}, "version": 1}	Fail
475c1fe7-e827-44e7-a493-838bab6cdf3a	2019-04-01 09:45:58.433062+00	2019-04-02 06:21:11.107119+00	16	731d1b10-f86e-4a3d-ace4-cb7b8d8e67fd	{"gbg": {"country_fields": {"driver_licence_number": null, "driver_licence_postcode": null, "driver_licence_issue_date": null}}, "version": 1}	Fail
5313232a-7f9c-4665-94a8-8730c728adf7	2019-04-02 07:07:38.046809+00	2019-04-02 07:07:38.05127+00	16	f0102dd1-65b1-43af-90b4-12f91b14d77f	{"gbg": {}, "version": 1}	Fail
f1bb6a35-b932-4b86-8ce9-55e4542edac2	2019-04-04 09:30:09.925832+00	2019-04-04 09:36:37.022369+00	16	a39c6b69-d6e7-4a2e-beb3-8e9af03651e5	{"gbg": {"country_fields": {"driver_licence_number": null, "driver_licence_postcode": null, "driver_licence_issue_date": null}}, "version": 1}	Fail
02ff9da5-3207-4b67-bd35-d718ad483281	2019-04-01 08:45:25.767696+00	2019-04-01 11:58:34.194162+00	16	82d4484d-ae02-47db-987d-5f1e4127b72b	{"gbg": {}, "version": 1}	Fail
098e5390-4195-4734-b3f4-e7dc190bd250	2019-04-01 12:00:02.412339+00	2019-04-01 12:00:02.413686+00	16	6160b22e-4f70-4d2e-814c-ae48a3ab5c78	{"gbg": {}, "version": 1}	Fail
c51728f1-19ae-4e04-b22d-b0464441153f	2019-04-05 06:58:25.889943+00	2019-04-05 06:58:25.889956+00	15	a7e74b5e-44c8-45d5-97fe-08f4a5e64bf2	{"gbg": {}, "version": 1}	Fail
6962e5f3-7623-4557-ba57-ba007aea25a7	2019-03-29 13:14:43.406355+00	2019-04-01 08:31:52.998094+00	16	800d9ca5-aae2-4e26-9fe5-be97b1c19366	{"gbg": {}, "version": 1}	Fail
1d91f3ec-2dc1-4281-af22-010755df6bbe	2019-04-01 08:44:04.137916+00	2019-04-01 08:44:04.165106+00	16	958c520a-bc4a-4244-a017-333d0daa69db	{"gbg": {}, "version": 1}	Fail
f6226714-640e-44e5-84fc-26e525a895cf	2019-04-05 07:10:07.85602+00	2019-04-05 07:10:07.856035+00	14	f864cb86-fd79-4ab0-a851-9cca2617c5b0	{"gbg": {}, "version": 1}	Fail
9c221f93-e309-4516-998a-22e6a8feb178	2019-04-01 12:01:16.2104+00	2019-04-01 12:03:24.758065+00	16	6b5eb056-e1c3-41a7-9cce-e635c4549058	{"gbg": {}, "version": 1}	Fail
59418a4f-9ca8-45ad-8d43-6afc61ff51ee	2019-04-03 07:22:18.641152+00	2019-04-03 08:31:55.499414+00	16	41c4d589-2ce6-425d-9324-d22e0feb4e91	{"gbg": {}, "version": 1}	Fail
e8bc66a3-f306-4a1f-a32d-0d1e102b857f	2019-04-03 08:34:07.938317+00	2019-04-03 08:34:07.939496+00	16	27bed6a4-0a77-4848-a51b-b500c620cc27	{"gbg": {}, "version": 1}	Fail
f231273b-b977-45c4-9d0a-a145e60e73bb	2019-04-04 08:52:49.623862+00	2019-04-04 08:52:49.62559+00	16	7450d769-b040-46de-9a2f-c691e77e3b00	{"gbg": {}, "version": 1}	Fail
05a7f254-1f3e-42f2-8da4-d133ca94ff1e	2019-04-05 07:11:50.695492+00	2019-04-05 07:11:50.695506+00	14	5c84eae2-a869-4d14-b64e-372f49f94aa9	{"gbg": {}, "version": 1}	Fail
ef5f8ec7-91d0-4b05-8a6d-697f4883124e	2019-04-04 08:54:01.922922+00	2019-04-04 09:28:30.551392+00	16	1d0f3382-b94a-48fa-b579-e6bb73caafea	{"gbg": {"country_fields": {"driver_licence_number": null, "driver_licence_postcode": null, "driver_licence_issue_date": null}}, "version": 1}	Fail
f6af8b61-a652-4833-b0cf-3ed1fa7a0c65	2019-04-01 12:05:51.765888+00	2019-04-01 12:19:16.1635+00	16	75b099d9-ad9a-47a7-a4e7-c96608e6b824	{"gbg": {}, "version": 1}	Fail
be534d65-4cfa-4f7f-b0e1-2f0ea422ce6e	2019-04-01 11:34:20.903047+00	2019-04-01 11:34:20.90306+00	14	2c2956d4-c176-4030-884f-7e140e1d9863	{"gbg": {}, "version": 1}	Fail
0836938e-47f3-4d69-b0a9-af471edecc66	2019-04-05 07:52:24.191902+00	2019-04-05 08:43:33.843705+00	16	5747aa0c-343b-4bba-9794-4e057b8aa47c	{"gbg": {"country_fields": {"driver_licence_number": null, "driver_licence_postcode": null, "driver_licence_issue_date": null}}, "version": 1}	Fail
fe519996-6e30-4fa5-9063-1c6c51e62eb8	2019-04-01 11:35:40.065975+00	2019-04-01 11:36:48.593308+00	14	79c6b14f-4eeb-41b1-8cee-acace244e90a	{"gbg": {"country_fields": {"driver_licence_number": null, "driver_licence_postcode": null, "driver_licence_issue_date": null}}, "version": 1}	Fail
d331a15a-4e5d-4570-b03b-a5bb13fec08a	2019-04-01 11:49:32.158248+00	2019-04-01 11:51:36.545172+00	14	d847bd54-03eb-48a1-bcd0-1a2e67b87876	{"gbg": {}, "version": 1}	Fail
81800bc1-39b7-4b6e-9b03-0041f3fada69	2019-04-01 12:24:32.421944+00	2019-04-01 12:24:32.426019+00	16	129b44c0-a9d7-44e9-ad29-8e7aaf97aaf6	{"gbg": {}, "version": 1}	Fail
b84c0462-1771-4575-9ca4-7cf93ed2cff6	2019-04-08 10:54:19.106691+00	2019-04-08 12:12:25.939361+00	16	343d94cc-cf32-4555-b3a8-0854947fe9a9	{"gbg": {"id": "0055396b-9a1d-4d7c-acf5-a896c15dc427", "date": "2019-04-08T11:49:20.519", "country_fields": {"driver_licence_number": null, "driver_licence_postcode": null, "driver_licence_issue_date": null}, "authentication_count": 1}, "version": 1}	Pass
7d0c82b6-39b2-471d-9847-810cb7943faa	2019-04-08 08:00:14.265602+00	2019-04-08 08:06:41.100425+00	16	d65aae03-6e5c-40ee-8d95-0558b78b8409	{"gbg": {"country_fields": {"driver_licence_number": "eeewewgweg2123rfef", "driver_licence_postcode": null, "driver_licence_issue_date": "2019-01-04"}}, "version": 1}	Fail
8f21f601-6135-4139-8181-91bcc453a7dd	2019-04-01 12:25:14.700239+00	2019-04-01 12:32:24.816134+00	16	81f1710f-3bb4-4ca9-b39b-092c4fc03855	{"gbg": {}, "version": 1}	Fail
b37a3255-d6e0-4468-acc5-e7ee78016132	2019-04-01 12:47:13.408551+00	2019-04-01 12:47:13.408565+00	14	323a4802-5050-453e-8727-9eb8d8797077	{"gbg": {}, "version": 1}	Fail
22c6eac8-9f11-475f-958c-64a79ea198b9	2019-04-04 08:35:00.3847+00	2019-04-05 08:56:48.376838+00	16	5b606f79-6fea-45b6-b5eb-23961a7427d1	{"gbg": {"country_fields": {"driver_licence_number": null, "driver_licence_postcode": null, "driver_licence_issue_date": null}}, "version": 1}	Fail
cc34adb1-99b5-47be-bc9c-d95f0d1f8f87	2019-04-03 08:34:27.909031+00	2019-04-05 12:29:17.485368+00	16	330d4d73-fe08-4fdc-8dc6-39fe2351360c	{"gbg": {}, "version": 1}	Fail
03d073f4-e6ca-4a68-8211-3e4185d8e44a	2019-04-01 13:19:43.795232+00	2019-04-01 18:32:55.282732+00	16	56245c75-b815-4933-bdf7-d86e0f2fa51b	{"gbg": {}, "version": 1}	Fail
\.


--
-- Data for Name: frontend_api_adminuseraccount; Type: TABLE DATA; Schema: public; Owner: -
--

COPY public.frontend_api_adminuseraccount (account_ptr_id) FROM stdin;
71e11d59-fe75-4733-83cd-124ffa264f2d
026cade0-17f3-4976-874a-c708c8f4f3b9
eda06003-714e-496f-aa1f-d78d0048b340
b320558d-8222-464a-b238-71670554d584
22068ef9-838b-42eb-8417-dab30dc19d8c
9ab3a995-70aa-45a7-9c07-06c35f3c5ecd
b5b7c2d8-3d16-44db-b3cc-f9966a83deeb
ecfb7ce1-8f8e-44b8-a9b6-774331e0ec1d
d3266896-6335-4b84-b7de-b64f320e395e
7b92a3a3-55e9-4199-b87d-83b8e25d8bef
ab0d2910-bf87-4407-ba60-434d1f8729f6
eeccd955-30e8-4c6b-b490-0f462e7d8fd5
87604fb9-fa8f-4ec7-9ee7-0d1d1e3ba137
b7f9d258-2a94-4f97-803e-ff796beef7fb
08018646-8b12-4fec-bd38-0af29753318d
d138b642-bcad-4dfd-bdb4-7019ff6c5383
fc7ab08c-351b-48aa-bd8f-8b1628c48c9d
65c397b7-12d9-4e31-a1a7-4b23d39edd31
ea758005-624a-48c2-b1fe-9598d8790a7a
152e2225-fc91-4e6e-b47e-bf233784175c
993a3617-b17a-4207-a517-c982b1bf670c
ff90a2da-7cfa-426a-bef4-92caf4f01fcc
d5a541ba-fbb9-48e4-b675-06f3c709f651
3979c44b-26b4-4444-ae26-27a51eb945ab
84854a3b-b28d-4fdd-bfc6-415bdc6de5fb
8fd187c7-7dd0-4354-95d3-5ae4aaa96abf
c4649403-fd55-49d2-9e2b-305930e8d8a3
4ee59c36-eb5c-490a-a1a9-c1032bf6c7c5
23d17f9f-b3c8-4a33-961a-5ca66a5ae3f3
cbb600ef-fe70-4674-9dc8-9fd71b2f5e00
c42deff5-b566-441e-a808-c809feff9346
a5360d23-ff27-4571-8884-26ab4fdebb36
f5098216-368e-4e47-a382-3d2f15af0246
4dcefad3-beb4-4ada-8c44-fbc257c6e9ce
ab34b9bf-f509-4695-9aa7-e633a48c8f39
39360905-a937-4911-91c6-fa5543272e16
06daf68f-e02a-4a7f-9f88-d89fa9ed31cf
a7cd1286-790c-4fb7-96e0-6d048b138970
53e082ac-658a-4651-ae2e-1beab458c43d
db189afc-551c-4668-8414-4b63ae60da42
6e3488ea-d43d-4701-a5cd-4b80fcc63cb5
3f5a3ac5-a7bf-420d-9fe5-19f0102e1b1a
be534d65-4cfa-4f7f-b0e1-2f0ea422ce6e
fe519996-6e30-4fa5-9063-1c6c51e62eb8
d331a15a-4e5d-4570-b03b-a5bb13fec08a
b37a3255-d6e0-4468-acc5-e7ee78016132
f6226714-640e-44e5-84fc-26e525a895cf
05a7f254-1f3e-42f2-8da4-d133ca94ff1e
\.


--
-- Data for Name: frontend_api_adminuserpermission; Type: TABLE DATA; Schema: public; Owner: -
--

COPY public.frontend_api_adminuserpermission (id, created_at, updated_at, manage_admin_user, manage_tax, manage_fee, can_login_as_user, account_id) FROM stdin;
35da94d3-124f-418a-879f-d1c735704636	2019-03-14 18:14:02.63878+00	2019-04-05 07:12:00.94924+00	t	f	f	f	39360905-a937-4911-91c6-fa5543272e16
d7c4e635-a560-4946-93cd-03819ab29022	2019-02-21 09:37:34.092567+00	2019-02-21 09:37:34.09258+00	f	f	f	f	22068ef9-838b-42eb-8417-dab30dc19d8c
2adba801-b0bc-48f3-b372-681d2fb425ae	2019-02-21 09:44:37.25768+00	2019-02-21 09:44:37.257693+00	f	f	f	f	9ab3a995-70aa-45a7-9c07-06c35f3c5ecd
3a452da7-5822-475b-9508-3a11088de2bc	2019-02-21 09:56:44.078196+00	2019-02-21 09:56:44.078211+00	f	f	f	f	b5b7c2d8-3d16-44db-b3cc-f9966a83deeb
75e64a6d-d872-466a-a057-eefc90e27545	2019-02-21 09:57:34.917549+00	2019-02-21 09:57:34.917563+00	f	f	f	f	ecfb7ce1-8f8e-44b8-a9b6-774331e0ec1d
3a114865-ee28-413c-bec4-0b771279f9c8	2019-02-21 10:26:54.645176+00	2019-02-21 10:26:58.56491+00	t	f	t	f	d3266896-6335-4b84-b7de-b64f320e395e
b9b7e7e9-f728-442e-9c07-dec307c59b9a	2019-02-21 10:27:18.253104+00	2019-02-21 10:27:20.219576+00	t	f	t	f	7b92a3a3-55e9-4199-b87d-83b8e25d8bef
c6a85f02-65fe-42f4-b669-a4aeb98203c3	2019-02-22 07:35:46.066187+00	2019-02-22 07:35:46.066201+00	f	f	f	f	ab0d2910-bf87-4407-ba60-434d1f8729f6
97ef6b07-df0f-4129-b39f-a5a0b03759a1	2019-02-21 09:37:06.937536+00	2019-02-22 08:24:35.911126+00	f	f	f	f	b320558d-8222-464a-b238-71670554d584
8c7c8651-0eb5-4b93-b6cd-45625419d7a1	2019-02-15 14:31:05.964186+00	2019-02-22 08:26:28.814536+00	t	t	f	f	026cade0-17f3-4976-874a-c708c8f4f3b9
2a85183c-89c9-4d29-80d1-5c8d6023d67e	2019-02-14 15:51:35.039535+00	2019-02-22 10:40:45.532792+00	t	t	t	f	71e11d59-fe75-4733-83cd-124ffa264f2d
a17ac602-920b-42ef-ac78-d6bc6d2d0e38	2019-02-22 10:42:17.390486+00	2019-02-22 10:42:17.390502+00	f	f	f	f	eeccd955-30e8-4c6b-b490-0f462e7d8fd5
e2e6903b-be73-4b34-9c64-0f959c9d5daf	2019-02-22 10:45:01.809486+00	2019-02-22 10:45:01.809505+00	f	f	f	f	87604fb9-fa8f-4ec7-9ee7-0d1d1e3ba137
aa6ac2de-f4df-4483-b549-4f3e3e2e7fc8	2019-02-22 10:47:08.800162+00	2019-02-22 10:47:22.991561+00	t	f	t	f	b7f9d258-2a94-4f97-803e-ff796beef7fb
87ce78d3-898f-4be1-a420-473131a86f75	2019-02-22 10:47:40.30603+00	2019-02-22 10:47:40.306045+00	f	f	f	f	08018646-8b12-4fec-bd38-0af29753318d
eae00c7f-7414-4caf-8233-ee57a3903d53	2019-02-22 10:48:48.423255+00	2019-02-22 10:48:50.334587+00	f	f	t	f	d138b642-bcad-4dfd-bdb4-7019ff6c5383
59f387b7-d8c2-4744-bdec-90887144e585	2019-03-02 20:23:41.952626+00	2019-03-02 20:23:44.283188+00	f	f	f	f	65c397b7-12d9-4e31-a1a7-4b23d39edd31
144c1782-eb45-4112-8322-ff0f927218d6	2019-03-05 07:12:54.372417+00	2019-03-05 07:12:56.800064+00	t	t	t	f	ea758005-624a-48c2-b1fe-9598d8790a7a
3b5db5ff-8673-4b56-b44e-d77a97a522c6	2019-02-18 08:21:53.434353+00	2019-03-13 06:30:30.065861+00	t	t	t	f	eda06003-714e-496f-aa1f-d78d0048b340
e6a9910d-8f43-4513-b9d0-2cfe0952b406	2019-03-01 12:38:23.363685+00	2019-03-13 06:46:32.017581+00	t	f	t	f	fc7ab08c-351b-48aa-bd8f-8b1628c48c9d
e0229ffd-b452-417d-94a7-9e44ba4045ac	2019-03-14 14:57:54.235154+00	2019-03-14 14:57:55.449416+00	t	t	f	f	152e2225-fc91-4e6e-b47e-bf233784175c
813c32cd-fd8d-401a-9a72-6be80d1feae3	2019-03-14 15:21:06.632295+00	2019-03-14 15:28:36.259697+00	t	t	t	t	993a3617-b17a-4207-a517-c982b1bf670c
1d44d48a-008e-4354-8857-27a84e11b5b9	2019-03-14 15:29:25.987407+00	2019-03-14 15:29:26.548093+00	t	t	t	t	ff90a2da-7cfa-426a-bef4-92caf4f01fcc
76d27fd4-4d6a-45ed-b9ae-fb7a739993d6	2019-03-14 16:08:42.87101+00	2019-03-14 16:08:43.488504+00	t	t	t	t	d5a541ba-fbb9-48e4-b675-06f3c709f651
7ad3624d-0ccd-4bbe-81fe-465dd5543dd6	2019-03-14 16:10:39.665798+00	2019-03-14 16:10:39.665813+00	f	f	f	f	3979c44b-26b4-4444-ae26-27a51eb945ab
968a686d-18ee-4340-87e4-f8b378efd709	2019-03-14 17:22:16.504654+00	2019-03-14 17:22:16.504667+00	f	f	f	f	84854a3b-b28d-4fdd-bfc6-415bdc6de5fb
7061f306-9648-4516-8552-32ff11b8320e	2019-03-14 17:25:24.410375+00	2019-03-14 17:25:24.410389+00	f	f	f	f	8fd187c7-7dd0-4354-95d3-5ae4aaa96abf
9bae4b3c-0a1d-483e-8303-3cc6b545a63d	2019-03-14 17:26:12.972074+00	2019-03-14 17:26:12.972088+00	f	f	f	f	c4649403-fd55-49d2-9e2b-305930e8d8a3
bda07cc1-1158-4c40-8504-644c4a29c708	2019-03-14 17:28:42.53613+00	2019-03-14 17:28:42.536143+00	f	f	f	f	4ee59c36-eb5c-490a-a1a9-c1032bf6c7c5
1a9fe49f-02f9-4c6c-bf05-11ddfbb746b4	2019-03-14 17:30:10.486398+00	2019-03-14 17:30:10.486412+00	f	f	f	f	23d17f9f-b3c8-4a33-961a-5ca66a5ae3f3
28468415-14ac-49b6-91db-724a4b83ed7e	2019-03-14 17:31:57.93024+00	2019-03-14 17:31:57.930253+00	f	f	f	f	cbb600ef-fe70-4674-9dc8-9fd71b2f5e00
62a4f0f1-117b-4e1d-9b22-a7925c51bd8a	2019-03-14 17:33:56.825827+00	2019-03-14 17:33:56.82584+00	f	f	f	f	c42deff5-b566-441e-a808-c809feff9346
34bd067a-4e46-4e14-8e86-a5bb47af3d7e	2019-03-14 17:36:37.770982+00	2019-03-14 17:36:37.770995+00	f	f	f	f	a5360d23-ff27-4571-8884-26ab4fdebb36
4f638aea-4ea5-461b-b4dc-cf6ed1c3bef4	2019-03-14 17:37:42.058053+00	2019-03-14 17:37:42.058068+00	f	f	f	f	f5098216-368e-4e47-a382-3d2f15af0246
38c0dea7-2ef5-4eb2-b375-1f3b2b17d6b9	2019-03-14 17:39:15.046028+00	2019-03-14 17:39:15.046042+00	f	f	f	f	4dcefad3-beb4-4ada-8c44-fbc257c6e9ce
10da671c-9037-4977-9247-f4f8cf7fefeb	2019-03-14 18:11:46.907312+00	2019-03-14 18:11:46.908046+00	f	f	f	f	ab34b9bf-f509-4695-9aa7-e633a48c8f39
6748c34d-ef62-4b94-8097-c84efb3ef2ad	2019-03-14 18:14:50.724167+00	2019-03-14 18:14:50.724325+00	f	f	f	f	06daf68f-e02a-4a7f-9f88-d89fa9ed31cf
0cf7bbf2-8010-4690-a38a-818993e131f4	2019-03-14 18:18:56.829204+00	2019-03-14 18:18:57.538124+00	t	t	f	f	a7cd1286-790c-4fb7-96e0-6d048b138970
349e870a-4b99-4826-b784-081ee27102cd	2019-03-14 18:21:20.802119+00	2019-03-14 18:21:21.453836+00	t	t	f	f	53e082ac-658a-4651-ae2e-1beab458c43d
7e4de714-5561-480d-ac0a-bb64c9e44193	2019-03-15 09:02:04.528096+00	2019-03-15 09:02:05.225363+00	t	t	t	f	db189afc-551c-4668-8414-4b63ae60da42
e7559331-6002-43d0-8e4f-ea0b0caa8799	2019-03-28 13:18:15.674635+00	2019-03-28 13:18:16.381962+00	t	t	f	f	6e3488ea-d43d-4701-a5cd-4b80fcc63cb5
3fe27aff-893b-4e6d-aa5b-d99f8884c60b	2019-03-29 09:03:35.680002+00	2019-03-29 09:03:36.285723+00	t	t	t	f	3f5a3ac5-a7bf-420d-9fe5-19f0102e1b1a
2f1aee75-93d0-480a-a1cc-97422aeed0c6	2019-04-01 11:34:20.91178+00	2019-04-01 11:34:21.589756+00	f	f	f	f	be534d65-4cfa-4f7f-b0e1-2f0ea422ce6e
6eac93eb-a3cf-4fe3-a4c9-bfde8551e214	2019-04-01 11:35:40.076151+00	2019-04-01 11:35:40.696262+00	t	t	t	f	fe519996-6e30-4fa5-9063-1c6c51e62eb8
3af2642c-1431-4345-b3d3-2243b664d5a2	2019-04-01 11:49:32.166085+00	2019-04-01 11:49:32.97852+00	t	t	t	t	d331a15a-4e5d-4570-b03b-a5bb13fec08a
0d53b9f4-3f8c-4334-a1fb-9876f65d63b2	2019-04-01 12:47:13.419051+00	2019-04-01 12:47:14.30535+00	t	t	t	t	b37a3255-d6e0-4468-acc5-e7ee78016132
df7edaad-b252-4a6d-bf68-c5fba6294cba	2019-04-05 07:10:07.867989+00	2019-04-05 07:10:08.456881+00	t	t	t	f	f6226714-640e-44e5-84fc-26e525a895cf
e5764fb7-8ab6-4737-b105-55d0bddd228a	2019-04-05 07:11:50.705182+00	2019-04-05 07:11:51.377442+00	t	t	t	f	05a7f254-1f3e-42f2-8da4-d133ca94ff1e
\.


--
-- Data for Name: frontend_api_company; Type: TABLE DATA; Schema: public; Owner: -
--

COPY public.frontend_api_company (id, created_at, updated_at, company_type, registration_business_name, registration_number, vat_number, is_private, is_active, address_id) FROM stdin;
aaa97917-21b7-4f18-908f-5cdb2c90de25	2019-02-08 13:38:12.569664+00	2019-02-08 13:40:52.46982+00	public_limited	233dsd	23123dc	22333332	t	t	e241b914-bcd1-4184-a72a-79b87a721436
61688cf7-9e79-4bee-a732-ed492f536de5	2019-02-08 13:48:51.172731+00	2019-02-08 13:49:47.957902+00	public_limited	fsdfs	fsdfsdf	erwfdf	t	t	4e93282f-93fd-4333-8ab9-54793e170e54
d58b2fee-b841-41a0-a71f-c85e16400118	2019-04-08 08:00:14.272664+00	2019-04-08 08:01:25.949247+00	limited_liability_partnership	wewegerh	rehrtreh	fgrterweqwq	t	t	b9c3422b-cdca-4704-80aa-31ce37e86df3
214e45bf-593a-4c14-b0c1-c8a3271c072f	2019-03-01 15:56:27.437704+00	2019-04-08 12:50:20.606062+00	private_limited_by_shares	qwrqwr	sfsdgr	qwrwrqw	t	t	3b483b54-f822-4c49-94db-7b8deba79443
5eb8caf2-0ed5-4995-94f5-b745da3cf2c9	2019-04-03 07:22:18.645392+00	2019-04-03 08:31:55.342242+00	public_limited	QWER	1234567	12341234	t	t	4bd071ad-bc45-4762-acf5-136cc6ba06eb
0042b849-3d38-4e6f-812b-1b9c23e22336	2019-02-26 07:21:06.232494+00	2019-02-26 07:21:06.232507+00	\N				t	t	8f5e134f-203f-4cf9-a90a-a9f54fc251c5
4db1011e-feed-4318-ab7e-5a2ce9db26d2	2019-03-04 06:44:26.980558+00	2019-03-04 07:14:37.722637+00	public_limited	wefwef	assfasf	aasd	t	t	10287cd7-05b4-4e5c-852d-cdebef75d06e
d2b9303d-599c-45a6-b47a-e2eafbfed474	2019-03-04 10:52:35.998365+00	2019-03-04 10:52:35.998377+00	\N				t	t	118b3631-9ab8-47d9-89b8-af8f17ac220a
62ca49dd-4b49-4c47-b255-0727dc887f88	2019-03-04 13:19:43.638823+00	2019-03-04 14:08:10.445201+00	public_limited	asfasf	aasfas	asf	t	t	c584e51e-0b05-4648-b650-1dad556cfe4c
055e11e9-4fb4-4906-926f-36b241217371	2019-03-04 14:09:17.173111+00	2019-03-04 14:11:30.634163+00	industrial_provident_society	fasfas	qwfsdfd	gsdf	t	t	2d0ca1d9-b345-4471-82cc-6581a2556f10
28cb4eab-210d-4fd6-a634-35be0957a29d	2019-03-04 15:03:37.895516+00	2019-03-04 15:03:37.895529+00	\N				t	t	6c957634-f2a0-4057-a744-1b1dd65245fd
04f0d8bf-a3c7-44a0-a20e-83202e9ff901	2019-03-05 11:01:41.583184+00	2019-03-05 11:31:58.009707+00	limited_liability_partnership	asfasfas	efgsgwf	wfsds	t	t	136cbf9f-3057-413e-b027-77c9fa21a18b
d346c5af-90b8-4bba-ac99-46baf2329017	2019-03-05 10:59:04.995311+00	2019-03-05 13:15:31.412436+00	community_interest	wefweg	sgerger	aefewfw	t	t	2f326238-64c4-4a9b-bc9f-7770388f4f09
216f6757-cc0c-444a-bc3d-e7b7bb5e2c93	2019-03-06 10:50:44.601689+00	2019-03-06 12:32:03.202005+00	unlimited	wedgweg	weegwegw	wef	t	t	9c160ceb-f9f2-4a42-b7a9-37e3b4b16689
33cdc058-d2ca-4ff6-8211-6bcb9d0709a3	2019-03-07 09:52:37.672564+00	2019-03-07 09:52:37.672577+00	\N				t	t	bee59f28-69e0-42fe-8d97-d2a1534fbd5f
69e4267d-aaf6-4d6b-8dfa-d7e964587364	2019-03-12 07:00:19.374787+00	2019-03-12 11:13:57.871647+00	private_limited_by_shares	wegweg	weegeg	wegewfw	t	t	426c045f-9d17-4dcf-9bc7-9bfe86d1daaf
5140e570-dcef-4833-810b-ac7bccdc0430	2019-03-12 12:38:38.607304+00	2019-03-12 12:38:38.607317+00	\N				t	t	3faac7c1-02df-42ed-85f9-35c40671ebcb
8f16914e-96e7-446b-8941-bc702546a712	2019-03-13 12:00:15.039524+00	2019-03-13 12:00:15.039537+00	\N				t	t	a5fe1875-8ba3-4be7-9a57-db27d5639a7e
7fc87973-77c5-459f-9770-a61d63eb61db	2019-04-01 13:19:43.798524+00	2019-04-01 18:32:55.025888+00	public_limited	12341234	1234123	1234	t	t	f9a530f4-0a2b-4961-8a0c-d7f99404c234
0eedc337-937f-41dd-9e99-1ea8e3ebe1e5	2019-04-02 07:07:38.050617+00	2019-04-02 07:07:38.050631+00	\N				t	t	430a94ca-6a1b-4d08-9a33-4fc7073e3b44
46ed68bd-ef6b-4530-98c3-721459417f10	2019-03-14 12:43:48.855393+00	2019-03-14 12:43:48.855406+00	\N				t	t	5e1bbde3-8ecf-4cdd-a36d-e2052f596cad
cf1dbac0-afda-4703-a699-69844e24e5eb	2019-03-27 11:17:11.510938+00	2019-03-27 11:20:30.262295+00	public_limited	1234	123456	1234	t	t	2545aeb4-d24e-4656-ae1c-b9c019301659
ecee6e02-6b02-4b4e-9b8a-e3ba614c68dc	2019-03-27 11:27:21.86676+00	2019-03-27 11:28:18.823149+00	unlimited	fqwfq	wefweg	qeefqef	t	t	399e4042-e073-4831-8327-625abff5eda6
4e3a97b9-9153-4e16-bafb-dd5b5f32879c	2019-02-12 09:34:24.056291+00	2019-03-01 08:01:28.432634+00	public_limited	erregeg	ewgweg	ewwegewg	t	t	9921f950-57d9-4152-a5d4-ec089c7530e3
02c3ca2d-d07c-473f-94eb-eb9c577ecf3e	2019-03-27 12:08:38.602687+00	2019-03-27 12:08:38.6027+00	\N				t	t	e4f7438b-66a6-4191-94b1-0e0b99941eaa
36820c82-59c6-4314-a4ee-fd9543441068	2019-03-27 09:47:22.488555+00	2019-03-27 12:24:15.000202+00	public_limited	QWER	123412	1234	t	t	55b84742-8662-425c-9858-2e256acc8bdb
86eeb81b-a4ee-4ddb-8f92-fca3f73fcaea	2019-03-29 13:14:43.409698+00	2019-04-01 08:31:52.836765+00	unlimited	qwer	123412	1234	t	t	fa5baabc-e2fc-46c0-b3e2-26e1130b20d4
a25858ff-d9aa-42e2-82f0-a48f12640d08	2019-04-01 08:44:04.14781+00	2019-04-01 08:44:04.147841+00	\N				t	t	2135d220-5051-4990-a532-9bafd532808c
28b0037a-1f63-4054-b21d-68a445f0e37a	2019-03-27 15:54:11.39445+00	2019-03-29 09:13:29.195621+00	community_interest	sdfsdfsdf	12121212	121212	t	t	c330cefd-7610-4503-85e4-ad739a2ccad6
03934e23-4483-4d64-b764-45dcd4aa0e1f	2019-03-29 13:11:29.896253+00	2019-03-29 13:11:29.896267+00	\N				t	t	f493c0d3-996e-4580-8f8a-6b1eaabeb04a
44ff4961-b74f-4156-aaad-479a6b23dd17	2019-03-29 13:12:16.000031+00	2019-03-29 13:12:16.000047+00	\N				t	t	f506c2c5-4910-46e0-9ee7-804b8e62baec
af02b699-bd11-4909-a1c3-6504d7b12406	2019-04-01 09:45:58.443876+00	2019-04-01 09:52:22.252115+00	limited_liability_partnership	ewretr	qwewfgft	ewrht	t	t	bfbb13a5-5b08-4c04-89dd-5e1fc1806ae5
1a91a438-26e3-47c3-9524-ecc7a93f26c7	2019-04-04 08:35:00.388043+00	2019-04-04 08:46:51.409644+00	limited_liability_partnership	qwerty	qwerty	qwerty	t	t	227261b2-2ec2-4432-9f31-eceb8d603f89
a9ec5c3f-f5f8-4b1c-a0ee-d957f02a666e	2019-04-01 08:45:25.771655+00	2019-04-01 11:57:09.557316+00	private_limited_by_shares	1234	1234123	1234	t	t	313f0e7b-b2a6-423c-8a54-7a9b4ea41b25
b70ef49c-f64f-4bc0-9828-226417021fb7	2019-04-01 12:05:51.769401+00	2019-04-01 12:05:51.769416+00	\N				t	t	6b4ebc25-d807-4fc9-92b6-e2264318f558
4743389a-0490-43d1-b70e-ab834a4cfa28	2019-04-01 12:24:32.425371+00	2019-04-01 12:24:32.425383+00	\N				t	t	acb82bbf-3674-4429-a679-e3ba33b4cb66
97179d79-c890-41cd-a4ae-c68c2d0ccb07	2019-04-01 12:25:14.704362+00	2019-04-01 12:32:24.629955+00	public_limited	13241234	12341234	12341234	t	t	71ea5fdb-8d34-4f8a-b9aa-75bf96be9fd2
a7a42152-8627-4486-8cb6-a7349b35824b	2019-04-04 09:30:09.92945+00	2019-04-04 09:36:36.819199+00	public_limited	asfa	wegerg	fqfqfq	t	t	ef3c85b8-bce5-4925-a7b7-515b2c55cb2a
18efd786-da69-4da3-801d-dd154ae94be7	2019-04-03 08:34:27.912432+00	2019-04-05 08:44:09.18339+00	public_limited	qqwer	12341234	12341234	t	t	917060be-8e44-452c-9397-62334cec3f47
\.


--
-- Data for Name: frontend_api_shareholder; Type: TABLE DATA; Schema: public; Owner: -
--

COPY public.frontend_api_shareholder (id, created_at, updated_at, first_name, last_name, birth_date, country_of_residence, is_active, company_id) FROM stdin;
379ff188-a48a-4b5c-9bfc-d4367b819162	2019-03-06 12:32:03.174474+00	2019-03-06 12:32:03.174505+00	asfsaf	afasf	2001-01-01	AF	t	216f6757-cc0c-444a-bc3d-e7b7bb5e2c93
717adffe-f23e-4a11-908d-ac0a51362f0b	2019-03-06 12:06:21.354241+00	2019-03-06 12:32:03.983813+00	ADADasd	asfssaf	2001-01-01	AO	t	216f6757-cc0c-444a-bc3d-e7b7bb5e2c93
716058a6-176f-42b7-9936-7a7faf71052a	2019-03-27 11:28:37.085269+00	2019-03-27 11:28:37.085291+00	asfasf	qwfqwf	2001-01-01	AD	t	ecee6e02-6b02-4b4e-9b8a-e3ba614c68dc
9ec766fa-9788-46b1-b3f6-97ee8f49bb19	2019-03-28 09:08:39.240132+00	2019-03-29 09:13:29.89977+00	asdasd	asdasd	2001-01-02	AS	t	28b0037a-1f63-4054-b21d-68a445f0e37a
f209ac90-51b9-4994-a0f2-46db1f7b6714	2019-04-01 12:33:07.796822+00	2019-04-01 12:33:07.796844+00	adfa	asdf	2001-01-01	AF	t	97179d79-c890-41cd-a4ae-c68c2d0ccb07
f7c5560f-2ec8-43eb-9a44-71c2448795f3	2019-04-01 12:33:07.797906+00	2019-04-01 12:33:07.797921+00	adsfadf	qwer	2001-01-02	DZ	t	97179d79-c890-41cd-a4ae-c68c2d0ccb07
8e534a68-0f30-453b-a8f2-c83ab32c1389	2019-04-03 08:32:58.378218+00	2019-04-03 08:32:58.378239+00	test fname one	test lname one	2001-01-01	DZ	t	5eb8caf2-0ed5-4995-94f5-b745da3cf2c9
e1eff1e4-abea-47a2-8586-853adf40d118	2019-04-03 08:32:58.379204+00	2019-04-03 08:32:58.379219+00	test fname two	test fname two	2001-01-04	AD	t	5eb8caf2-0ed5-4995-94f5-b745da3cf2c9
917b03e6-12b4-4d8e-bde4-8fe982608bb4	2019-04-04 09:36:47.941613+00	2019-04-04 09:36:47.941635+00	qwwqr	qwrwqr	2001-01-01	AF	t	a7a42152-8627-4486-8cb6-a7349b35824b
\.


--
-- Data for Name: frontend_api_useraccount; Type: TABLE DATA; Schema: public; Owner: -
--

COPY public.frontend_api_useraccount (account_ptr_id, account_type, "position", company_id) FROM stdin;
5a1dfaf1-2081-4ed6-9802-74db5cba7c22	personal	\N	\N
0bd27316-edcb-45b4-a4d6-f59bc080581a	personal	\N	\N
4ca2a646-efae-4d79-a01b-54f499b2ea7c	personal	\N	\N
fa192249-b195-4c4f-91ae-94b072d99a6e	business	asdd	aaa97917-21b7-4f18-908f-5cdb2c90de25
c618ddd7-00e6-4fc9-8a81-ddf82fa558fb	personal	\N	\N
5db30fab-9deb-4992-b648-aa7b2d2ac354	business	sdfsdfsdf	61688cf7-9e79-4bee-a732-ed492f536de5
4bf768df-92a2-4691-aad1-2576b0f7bbd2	personal	\N	\N
c5bc9944-bf98-420f-bbfc-537b2f4ea37b	personal	\N	\N
4d86234e-0cd5-46cd-bef8-2c648e11d2c0	personal	\N	\N
6eab6bdb-89a8-4214-8bf5-cf814632b423	personal	\N	\N
803ee6b3-2ab7-4ce4-9d6a-1ac386e91e1a	personal	\N	\N
da482f3d-2553-4d4e-92df-7bef33537145	personal	\N	\N
123bf5ba-912c-4144-8b95-5416bbb13919	personal	\N	\N
fd187042-c6e8-4ece-9d74-2d7a1efa13eb	personal	\N	\N
1539a78e-23d7-42ec-bcc6-ebb89edc2683	personal	\N	\N
43e25611-7b77-4ae6-9a2f-51e563937047	business	ewgweg	216f6757-cc0c-444a-bc3d-e7b7bb5e2c93
8db86a01-7c62-4661-bb6c-135edb88247e	personal	\N	\N
ceed2b22-da64-4f4e-83a8-41118833a201	personal	\N	\N
cba4e115-28b8-4d28-87c2-fc0dd962dfad	personal	\N	\N
ec4078f3-d92c-4d1d-833c-70492de6fa1b	personal	\N	\N
4aa805e7-2a3c-4048-a811-758b3a6a524d	personal	\N	\N
d7690877-8057-449e-a71b-34808ee5c716	personal	\N	\N
619c2eaa-a1b8-43c1-aa89-1bdca4ee3fe9	personal	\N	\N
6d0ebb41-de9b-497b-9081-e0212c9c5031	personal	\N	\N
c0e79572-3f22-40f5-a96c-cccdf399ab1c	personal	\N	\N
5217840b-d9e4-4b7e-8253-a1a3e021bcb1	personal	\N	\N
eabd6db6-4ace-478f-8548-a86e9b74ee75	personal	\N	\N
4742a358-88a5-470a-af1c-ff4ba965012c	personal	\N	\N
3006bc2f-d2de-49de-9b86-7abc806221ec	personal	\N	\N
af8c150e-79e1-468b-9165-a995135a4057	personal	\N	\N
8c30cbe1-c65a-4399-86a6-6b487bbb9e25	personal	\N	\N
15eb3044-4cbf-404f-8a9b-99a767fc4054	personal	\N	\N
fa125f17-5014-482c-9130-0461ce85985f	personal	\N	\N
91176060-860a-4304-a845-19260a9fd65d	personal	\N	\N
69c64536-3728-497d-b386-4302bcf7fd21	personal	\N	\N
2543ae2e-b5e3-404f-9394-d5e7ba8c9819	personal	\N	\N
646385e1-37d3-4c2c-be92-8ab837a3c5dd	personal	\N	\N
320af8aa-26fb-4823-9ce2-fd472d70ec32	personal	\N	\N
eee661e5-67be-4429-95cc-064b14c3f5aa	personal	\N	\N
4687261a-789b-4018-88a3-c718a5fe63a5	personal	\N	\N
8128c946-39b0-4a07-8022-51ca31dbd62c	personal	\N	\N
a71dc242-fa58-4647-aef7-685125567227	personal	\N	\N
599e6bee-d347-40cd-b60e-a0496b4a9d98	personal	\N	\N
21814672-6261-45b1-a5e6-990e3aea3006	personal	\N	\N
f26fea5e-2130-426f-9964-021a3c6b1b82	personal	\N	\N
12ba8354-d4ed-4b75-8885-5868b32ade5c	personal	\N	\N
7901615e-6d43-4352-aea9-f5937f98b793	personal	\N	\N
88ecf57d-3693-414e-931d-bcddb12028aa	personal	\N	\N
353b761f-b7e5-49b0-af19-5d0f6c482f4a	personal	\N	\N
d83a888d-a9c9-42c1-8e0e-7035651445f6	personal	\N	\N
73249abb-c373-47db-a612-4f2e4498e948	personal	\N	\N
1c35507f-c28f-404b-b089-62c02f561b5e	personal	\N	\N
511b87ae-ebba-435b-8737-6bda0618491a	personal	\N	\N
54d222b8-3cb1-4789-9b4f-9ce3ecc9f2e8	personal	\N	\N
32323510-bce3-44e2-9710-e4e3fd5c25a0	personal	\N	\N
e8a6877f-f3cb-436b-b492-708ded44b4bc	personal	\N	\N
713cbbf2-df5b-4a59-81d8-21bd3fb94e95	business	\N	0042b849-3d38-4e6f-812b-1b9c23e22336
b65667b9-4607-4ad5-a62a-840472107746	personal	\N	\N
7355a5f4-d91e-4835-9896-d6a3d9507953	personal	\N	\N
388e5acf-5d15-468a-9e3d-1be6305b186f	personal	\N	\N
3c92767e-167f-480d-8b2b-21772a463e8f	personal	\N	\N
e2275f7e-462c-4fc9-8868-414c02302035	personal	\N	\N
4c417cdb-4dee-4003-a08e-f98a192c45b0	business	\N	28cb4eab-210d-4fd6-a634-35be0957a29d
b5376a92-472d-4ee7-85ee-f48bd5c2570a	personal	\N	\N
68581095-4d0a-429b-ae51-dc1952157b36	business	\N	46ed68bd-ef6b-4530-98c3-721459417f10
475c1fe7-e827-44e7-a493-838bab6cdf3a	business	wertyt	af02b699-bd11-4909-a1c3-6504d7b12406
20290221-9d3e-4d75-8e87-b4891dee4de7	personal	\N	\N
f4933e37-056b-4570-9294-ee0daa5ff9f9	business	fsf	4db1011e-feed-4318-ab7e-5a2ce9db26d2
5d7f9bcf-ec91-436c-9bef-47e88213aaca	personal	\N	\N
c0477564-e2be-4276-a63f-08068282cfd1	business	egegerg	214e45bf-593a-4c14-b0c1-c8a3271c072f
6370e7af-cc67-4a2e-8a0f-ebb328a7845b	personal	\N	\N
91d6a0c0-6510-47e3-abab-e4ddaef79988	personal	\N	\N
47d34eae-ec03-4f35-a167-dd9403a2381e	personal	\N	\N
5f535e63-62a9-4be6-a114-62490b2ffb42	personal	\N	\N
db71899e-f31d-4c0b-bdde-47b6aadfb3ee	personal	\N	\N
40db069f-f325-461c-a24c-b371d8450bd1	business	wegerwgweg	04f0d8bf-a3c7-44a0-a20e-83202e9ff901
bdf7f4a5-8603-4e02-8392-06a1fbf20100	personal	\N	\N
a6a24a76-c1c8-4928-897a-c4cae63b6ef5	business	\N	d2b9303d-599c-45a6-b47a-e2eafbfed474
cfb3146b-c786-4e50-b8ae-f01c50d42109	personal	\N	\N
a9ff73a8-ed11-4d94-9ef6-287f8fcff038	business	asf	62ca49dd-4b49-4c47-b255-0727dc887f88
275ee923-1bb8-41dc-97b4-857ca8528b0b	personal	\N	\N
12856588-8c29-478d-b237-571d8542363b	business	ewwgwe	4e3a97b9-9153-4e16-bafb-dd5b5f32879c
493c7ae8-f4d8-4b82-a13e-12872e94ec9d	personal	\N	\N
32d02a30-7663-420f-81d3-d1f3032f33d8	business	\N	8f16914e-96e7-446b-8941-bc702546a712
f8b83d4e-0b8e-4b20-8658-6d24137d8ff7	personal	\N	\N
bfb834a8-5d47-4075-a873-fc8416c9f177	business	\N	33cdc058-d2ca-4ff6-8211-6bcb9d0709a3
fdc9c398-580c-4e8d-b15d-4d857b68b798	personal	\N	\N
f2a2e6ed-3878-463e-9ee0-817fda9baba7	personal	\N	\N
9f6f4ac6-ca51-49b0-a10b-27eaa546f3a0	business	wegweg	69e4267d-aaf6-4d6b-8dfa-d7e964587364
df890c25-7e8d-4e20-91a9-0f1c7272b711	personal	\N	\N
868da6b1-6918-4dbb-b6d2-f607ed2e20b0	business	\N	5140e570-dcef-4833-810b-ac7bccdc0430
a5185187-f4ff-46f1-a262-755e1bb1e214	business	egerg	d346c5af-90b8-4bba-ac99-46baf2329017
ad9b2f30-ae26-4999-9aa1-f2d956c0290b	business	sdgdsg	055e11e9-4fb4-4906-926f-36b241217371
d6bc4eec-2ea3-4952-96a9-facad1400f81	personal	\N	\N
a76a734a-a4f9-44f0-97f8-1768215b99eb	personal	\N	\N
6cd0b20a-a023-4b16-85f2-23a452eef309	personal	\N	\N
ceff2572-445f-4124-935b-131a907f138b	personal	\N	\N
c6437f06-2fbd-4e62-a1d9-8303172d1266	personal	\N	\N
ea432ac7-c80a-4dfc-b306-60c4d217c933	personal	\N	\N
50f82e1d-6877-4080-a303-2168513d8c97	personal	\N	\N
6620b5bf-48e1-4fa2-8430-f1214451bb4b	business	owner	cf1dbac0-afda-4703-a699-69844e24e5eb
ca3ea267-d186-4336-b545-1e76275d3f69	business	\N	02c3ca2d-d07c-473f-94eb-eb9c577ecf3e
c3f457b4-60d2-45c3-a9d1-6d058d4ab538	business	wegweg	ecee6e02-6b02-4b4e-9b8a-e3ba614c68dc
f9c33b7d-db26-44ad-ad15-f49a3526347e	personal	\N	\N
131596d8-2dbd-46be-b7f7-7f169a1ecce7	personal	\N	\N
2e82d1cb-1de4-4d8a-a915-93cb7ad9bca9	business	CEO	36820c82-59c6-4314-a4ee-fd9543441068
e9597392-2e7f-4c22-b53c-27c4b9144a7f	personal	\N	\N
ecfa4c49-cfe8-4602-9c7a-70e417a0f0bb	personal	\N	\N
5fd35c2c-4662-45c0-8906-c44daed6559b	business	sdfsdf	28b0037a-1f63-4054-b21d-68a445f0e37a
61ca4531-908b-450b-96dc-f03eec21df7f	business	\N	03934e23-4483-4d64-b764-45dcd4aa0e1f
e2651526-25be-4095-8f04-1049e96a26cf	business	\N	44ff4961-b74f-4156-aaad-479a6b23dd17
6962e5f3-7623-4557-ba57-ba007aea25a7	business	CEO	86eeb81b-a4ee-4ddb-8f92-fca3f73fcaea
1d91f3ec-2dc1-4281-af22-010755df6bbe	business	\N	a25858ff-d9aa-42e2-82f0-a48f12640d08
02ff9da5-3207-4b67-bd35-d718ad483281	business	1234	a9ec5c3f-f5f8-4b1c-a0ee-d957f02a666e
098e5390-4195-4734-b3f4-e7dc190bd250	personal	\N	\N
9c221f93-e309-4516-998a-22e6a8feb178	personal	\N	\N
f6af8b61-a652-4833-b0cf-3ed1fa7a0c65	business	\N	b70ef49c-f64f-4bc0-9828-226417021fb7
81800bc1-39b7-4b6e-9b03-0041f3fada69	business	\N	4743389a-0490-43d1-b70e-ab834a4cfa28
03d073f4-e6ca-4a68-8211-3e4185d8e44a	business	1234	7fc87973-77c5-459f-9770-a61d63eb61db
8f21f601-6135-4139-8181-91bcc453a7dd	business	12341234	97179d79-c890-41cd-a4ae-c68c2d0ccb07
5313232a-7f9c-4665-94a8-8730c728adf7	business	\N	0eedc337-937f-41dd-9e99-1ea8e3ebe1e5
f231273b-b977-45c4-9d0a-a145e60e73bb	personal	\N	\N
ef5f8ec7-91d0-4b05-8a6d-697f4883124e	personal	\N	\N
f1bb6a35-b932-4b86-8ce9-55e4542edac2	business	erhewge	a7a42152-8627-4486-8cb6-a7349b35824b
0836938e-47f3-4d69-b0a9-af471edecc66	personal	\N	\N
59418a4f-9ca8-45ad-8d43-6afc61ff51ee	business	12341234	5eb8caf2-0ed5-4995-94f5-b745da3cf2c9
e8bc66a3-f306-4a1f-a32d-0d1e102b857f	personal	\N	\N
22c6eac8-9f11-475f-958c-64a79ea198b9	business	qwerty	1a91a438-26e3-47c3-9524-ecc7a93f26c7
cc34adb1-99b5-47be-bc9c-d95f0d1f8f87	business	1231234	18efd786-da69-4da3-801d-dd154ae94be7
7d0c82b6-39b2-471d-9847-810cb7943faa	business	wege	d58b2fee-b841-41a0-a71f-c85e16400118
b84c0462-1771-4575-9ca4-7cf93ed2cff6	personal	\N	\N
\.


--
-- Data for Name: frontend_api_subuseraccount; Type: TABLE DATA; Schema: public; Owner: -
--

COPY public.frontend_api_subuseraccount (account_ptr_id, owner_account_id) FROM stdin;
88b7f1ee-0943-4950-962a-73c96965002f	0bd27316-edcb-45b4-a4d6-f59bc080581a
ce9a0949-eaa9-4962-8e3f-3364128c608b	12856588-8c29-478d-b237-571d8542363b
50c697de-1667-4322-9adc-941a76195d66	511b87ae-ebba-435b-8737-6bda0618491a
fc14125b-40d8-4e6a-b9c5-eb08dd95cb61	511b87ae-ebba-435b-8737-6bda0618491a
a411d79c-87c9-48e4-86ae-7589b821b71e	511b87ae-ebba-435b-8737-6bda0618491a
e5170f8a-5d76-4d98-92ba-20be6ef90739	511b87ae-ebba-435b-8737-6bda0618491a
c715302e-67e6-44d8-b183-83de8047be6f	12856588-8c29-478d-b237-571d8542363b
5d1cd068-9b50-4db2-9d3a-5732dfa1d11c	12856588-8c29-478d-b237-571d8542363b
fb6483ae-b28c-4e23-abab-d01e5d46a839	12856588-8c29-478d-b237-571d8542363b
007d9511-eca0-41fa-a4b8-fa4871036b9a	12856588-8c29-478d-b237-571d8542363b
97a07b8c-9d80-4daa-9dce-3d2cea3f85c4	12856588-8c29-478d-b237-571d8542363b
8fc9b213-7645-4059-b0aa-e6c828b67151	12856588-8c29-478d-b237-571d8542363b
7880cf3d-f77a-43e4-90d8-1e8220c9f5dd	12856588-8c29-478d-b237-571d8542363b
b4e69544-05ae-4c97-a882-64c26afcfaaa	12856588-8c29-478d-b237-571d8542363b
59d2d149-9226-492f-b649-787439ca2dc4	12856588-8c29-478d-b237-571d8542363b
4bf79286-0d6f-454b-bf48-2a12620b776b	12856588-8c29-478d-b237-571d8542363b
30b732c9-bed6-416d-b202-d2287a7846f7	12856588-8c29-478d-b237-571d8542363b
322d5695-a52b-4021-b6b7-2872f09f789a	12856588-8c29-478d-b237-571d8542363b
4d8f2f3d-4fe5-42d3-9aaf-95bc1a5a935b	12856588-8c29-478d-b237-571d8542363b
2c934cd0-60ec-4ac0-9135-6df6681403de	12856588-8c29-478d-b237-571d8542363b
c4c73f8e-1d02-41de-a527-089a3ced2e4a	12856588-8c29-478d-b237-571d8542363b
2b27dced-9f22-4130-aa23-a56f8513bf11	12856588-8c29-478d-b237-571d8542363b
9c694aa1-6050-4fdd-b800-4b9c362db2dc	12856588-8c29-478d-b237-571d8542363b
5cce1e4d-c43c-4158-b8d1-87d6b563c3cf	12856588-8c29-478d-b237-571d8542363b
72ea8013-d8b0-4e28-b1fe-1fa9c558fb79	12856588-8c29-478d-b237-571d8542363b
812fd798-63b6-4b4b-94fe-d34fd67b5152	12856588-8c29-478d-b237-571d8542363b
434bce08-12be-4835-888f-a49365390da4	12856588-8c29-478d-b237-571d8542363b
b60e2d09-fb4d-4734-b1c6-8ae67f515e0c	12856588-8c29-478d-b237-571d8542363b
aa75a455-6c7d-4085-9738-3b8831bec132	12856588-8c29-478d-b237-571d8542363b
0aae2310-c151-4279-9ccf-d8a359fde90b	12856588-8c29-478d-b237-571d8542363b
ef5ff64f-4140-4130-911d-cb3781c13532	c0477564-e2be-4276-a63f-08068282cfd1
e2bb2b43-19f2-41cb-bed7-0d8fc3685b46	91d6a0c0-6510-47e3-abab-e4ddaef79988
93809b8d-3c86-418a-9e3d-50aaf7bbdade	e2275f7e-462c-4fc9-8868-414c02302035
b7300dd8-87a3-4166-a884-235bba3b0ff6	12856588-8c29-478d-b237-571d8542363b
f10f3f75-a0ce-401f-a47a-966c021a1be1	a6a24a76-c1c8-4928-897a-c4cae63b6ef5
402ba936-dd2d-402a-90ff-22fd1e0283de	e2275f7e-462c-4fc9-8868-414c02302035
6ece8018-d272-4f88-9346-9fc4014af5a5	e2275f7e-462c-4fc9-8868-414c02302035
af4b1d95-1a29-4c91-a7de-b97940a42cb6	e2275f7e-462c-4fc9-8868-414c02302035
4f5b3c67-18e8-4e85-84ae-c6ab71727766	ad9b2f30-ae26-4999-9aa1-f2d956c0290b
d1afe55b-420b-48ac-aa72-78d80c59e72b	a5185187-f4ff-46f1-a262-755e1bb1e214
969c1145-8fd6-418f-9bcc-2e24950e7d7c	a5185187-f4ff-46f1-a262-755e1bb1e214
3370735b-a320-4ee1-a0b8-0d312722b47d	a5185187-f4ff-46f1-a262-755e1bb1e214
39ec44dc-caac-4c3f-a794-772dcb52c49e	a5185187-f4ff-46f1-a262-755e1bb1e214
77c4a02a-dd85-4060-bf2d-5732318a5eab	a5185187-f4ff-46f1-a262-755e1bb1e214
30f87733-d1a4-47dd-9cff-bffe57e38168	a5185187-f4ff-46f1-a262-755e1bb1e214
0b4df1af-5848-4a19-9bc9-f470556aeb60	a5185187-f4ff-46f1-a262-755e1bb1e214
a20257d4-aaa2-4583-aed2-2b236a89f816	f2a2e6ed-3878-463e-9ee0-817fda9baba7
d13dacdb-9a49-426e-b703-a8dc514c9ca0	a5185187-f4ff-46f1-a262-755e1bb1e214
793e7b55-de50-4e62-aae4-f85aada813e7	a5185187-f4ff-46f1-a262-755e1bb1e214
075d20e4-673a-4418-aebd-a276af61ce6b	c0477564-e2be-4276-a63f-08068282cfd1
02b16997-107f-4214-a695-4455905e1f13	c0477564-e2be-4276-a63f-08068282cfd1
8b0e0c5c-a001-49ea-a1bb-67211980f235	c0477564-e2be-4276-a63f-08068282cfd1
11ba9e8a-6425-484a-ba64-d73ae8820e44	c0477564-e2be-4276-a63f-08068282cfd1
bc8c49b7-87c9-4977-b78c-4f02125e3283	c0477564-e2be-4276-a63f-08068282cfd1
b7e91eae-d4e4-408b-a38f-fa07de311a94	c0477564-e2be-4276-a63f-08068282cfd1
1f8305e6-7f3c-443a-9c13-dc76f2fffae3	c0477564-e2be-4276-a63f-08068282cfd1
c2ddbc65-65b2-4de0-a9f1-5bb6b08b6029	c0477564-e2be-4276-a63f-08068282cfd1
fac4b8b4-a1d6-45d3-a072-2355c22af7f8	c0477564-e2be-4276-a63f-08068282cfd1
5c7b8632-5b89-476b-ba47-2637fa376695	c0477564-e2be-4276-a63f-08068282cfd1
556ec902-a0d3-43ed-8e83-5b469e6e62dc	c0477564-e2be-4276-a63f-08068282cfd1
3163b673-02f3-4e39-99c8-4480e7420d0b	c0477564-e2be-4276-a63f-08068282cfd1
7a295c93-bba6-4cf9-ac44-042761f93da4	c0477564-e2be-4276-a63f-08068282cfd1
1bf2c8b0-a76d-4228-8699-a3e221e1e0cc	c0477564-e2be-4276-a63f-08068282cfd1
0be7b516-7a5c-496a-bc84-2ca1829b5323	a5185187-f4ff-46f1-a262-755e1bb1e214
417a60be-40ca-44d8-8c3a-cb0986cb8417	f26fea5e-2130-426f-9964-021a3c6b1b82
06fd5654-0597-4a5b-a90a-bdca0f00b257	f26fea5e-2130-426f-9964-021a3c6b1b82
2a72e452-9fd0-4163-9e1c-c7572623a47c	f26fea5e-2130-426f-9964-021a3c6b1b82
a0ed8ec7-472c-4614-a710-658b29d720b9	e2275f7e-462c-4fc9-8868-414c02302035
1ea1273b-4b2c-4df7-bfd2-38dac733df15	5fd35c2c-4662-45c0-8906-c44daed6559b
c51728f1-19ae-4e04-b22d-b0464441153f	c0477564-e2be-4276-a63f-08068282cfd1
\.


--
-- Data for Name: frontend_api_subuserpermission; Type: TABLE DATA; Schema: public; Owner: -
--

COPY public.frontend_api_subuserpermission (id, created_at, updated_at, manage_sub_user, manage_funding_sources, manage_unload_accounts, manage_contract, account_id) FROM stdin;
4ce0e7b9-d328-4301-8d7a-4e6c73046a82	2019-02-11 08:01:38.700687+00	2019-02-11 08:02:07.042111+00	t	t	t	t	88b7f1ee-0943-4950-962a-73c96965002f
7eedb411-931a-4f9c-9c69-00cdb7c9ab04	2019-03-01 18:03:51.757603+00	2019-03-01 18:03:53.625178+00	t	t	t	t	e2bb2b43-19f2-41cb-bed7-0d8fc3685b46
399eedf2-1a5f-422d-a806-a9739dd6ecf5	2019-02-12 09:55:37.843909+00	2019-02-13 16:29:38.898379+00	t	t	t	t	b7300dd8-87a3-4166-a884-235bba3b0ff6
17ad34cd-57b9-431d-a1c1-c8b54b0b0a33	2019-02-18 07:00:52.310496+00	2019-02-18 14:39:29.517065+00	t	f	f	t	ce9a0949-eaa9-4962-8e3f-3364128c608b
170f7799-fe09-4170-a1b6-a54e7108bcc6	2019-02-20 13:06:07.867327+00	2019-02-20 13:06:10.678832+00	f	f	f	f	50c697de-1667-4322-9adc-941a76195d66
51855695-2170-4aec-9873-e5b0372d7b81	2019-03-04 11:29:33.932497+00	2019-03-04 11:31:20.729887+00	f	f	f	t	f10f3f75-a0ce-401f-a47a-966c021a1be1
75215066-43ab-4492-816e-24f267de4eb4	2019-02-20 13:22:42.056316+00	2019-02-20 13:22:44.046923+00	f	f	f	f	fc14125b-40d8-4e6a-b9c5-eb08dd95cb61
6d86fcf2-494d-4967-b25e-c0d1e419f63f	2019-03-02 13:32:13.494523+00	2019-03-04 12:07:49.876499+00	t	t	f	f	93809b8d-3c86-418a-9e3d-50aaf7bbdade
b09ef317-d6b1-4e07-a108-c1ffa7af5242	2019-02-20 14:30:21.116286+00	2019-02-20 14:30:23.145712+00	f	f	f	f	a411d79c-87c9-48e4-86ae-7589b821b71e
e3a893f2-6494-4bfd-bb04-b7c06be78d3f	2019-02-21 07:30:02.267393+00	2019-02-21 07:30:05.501261+00	f	f	f	f	e5170f8a-5d76-4d98-92ba-20be6ef90739
effe497b-235d-4283-a376-4e6ea6dfaa38	2019-02-21 09:22:26.793225+00	2019-02-21 09:22:28.931277+00	f	f	f	t	c715302e-67e6-44d8-b183-83de8047be6f
7ae7416f-a886-4320-95c1-20c048736682	2019-02-21 09:22:39.257087+00	2019-02-21 09:22:40.928337+00	t	t	f	f	5d1cd068-9b50-4db2-9d3a-5732dfa1d11c
043db19b-d109-4ff0-8bfb-18f21e25d785	2019-02-21 09:22:56.775439+00	2019-02-21 09:22:58.603874+00	t	t	t	f	fb6483ae-b28c-4e23-abab-d01e5d46a839
2b2f17fb-4440-431e-9a0e-4b371c2e814c	2019-02-21 09:23:08.597979+00	2019-02-21 09:23:10.416998+00	f	f	f	t	007d9511-eca0-41fa-a4b8-fa4871036b9a
5b120026-9d59-4d28-86fc-13643d63945c	2019-02-21 09:23:25.629584+00	2019-02-21 09:23:27.525015+00	f	t	f	t	97a07b8c-9d80-4daa-9dce-3d2cea3f85c4
eba81f05-ff70-4c71-b134-88339f82586c	2019-02-21 09:23:38.483742+00	2019-02-21 09:23:39.643842+00	t	t	t	f	8fc9b213-7645-4059-b0aa-e6c828b67151
12e336d0-93f7-491a-af3b-e90bc710d0a6	2019-02-21 09:24:08.916039+00	2019-02-21 09:24:10.691529+00	t	t	f	f	7880cf3d-f77a-43e4-90d8-1e8220c9f5dd
b16d5926-d8f9-4bb7-962d-eeb4a7d10d78	2019-02-21 09:25:00.791308+00	2019-02-21 09:25:02.386774+00	t	t	t	t	59d2d149-9226-492f-b649-787439ca2dc4
adc3919e-0216-4461-bf1e-d6d91d9a960a	2019-03-12 14:00:39.832707+00	2019-03-12 14:00:40.746519+00	f	f	f	f	c2ddbc65-65b2-4de0-a9f1-5bb6b08b6029
35095d75-f830-4e8b-a543-436f46c30f9c	2019-03-04 12:08:57.887764+00	2019-03-04 12:17:38.262917+00	t	f	t	f	402ba936-dd2d-402a-90ff-22fd1e0283de
cecaa5e8-637a-4380-9932-99024c1b416b	2019-03-04 13:14:45.752043+00	2019-03-04 13:14:48.815303+00	t	t	f	f	6ece8018-d272-4f88-9346-9fc4014af5a5
091359d7-e63e-4c74-b9f5-aea8304c435d	2019-03-04 13:18:45.87058+00	2019-03-04 13:18:47.841907+00	t	f	f	t	af4b1d95-1a29-4c91-a7de-b97940a42cb6
89ed765e-f1eb-4df6-8bc0-f11eb1c1119a	2019-03-12 14:00:51.260178+00	2019-03-12 14:00:52.142839+00	f	f	f	f	fac4b8b4-a1d6-45d3-a072-2355c22af7f8
78a66ec0-b4e8-4195-8190-0880ebbecd88	2019-02-21 09:24:40.692123+00	2019-02-21 15:44:16.588974+00	t	f	t	f	b4e69544-05ae-4c97-a882-64c26afcfaaa
82de0219-ee7c-4456-9d61-eb7f0460bb1b	2019-02-21 12:23:16.692786+00	2019-02-22 07:11:14.191966+00	t	f	t	t	4bf79286-0d6f-454b-bf48-2a12620b776b
6ad54750-7615-4871-a4d5-1c31378780c7	2019-02-22 07:11:30.149093+00	2019-02-22 07:11:32.783333+00	f	f	f	t	30b732c9-bed6-416d-b202-d2287a7846f7
f34fca67-1c05-4695-a244-145c44b7d6be	2019-02-22 07:47:23.923724+00	2019-02-22 07:47:26.068789+00	t	t	f	f	322d5695-a52b-4021-b6b7-2872f09f789a
039b21e8-8526-4dde-9802-d937ca4e4072	2019-02-22 07:50:25.084583+00	2019-02-22 07:50:25.084598+00	f	f	f	f	4d8f2f3d-4fe5-42d3-9aaf-95bc1a5a935b
e456cae3-50d9-436b-b891-36cdd13b0a69	2019-02-22 07:51:18.144769+00	2019-02-22 07:51:18.144785+00	f	f	f	f	2c934cd0-60ec-4ac0-9135-6df6681403de
446b266c-637e-4fc9-b0f1-5ec3745c47ae	2019-02-22 07:53:50.408724+00	2019-02-22 07:53:50.408739+00	f	f	f	f	c4c73f8e-1d02-41de-a527-089a3ced2e4a
425c85f0-6c54-413f-94b2-ec6ed91c0daf	2019-02-22 07:56:26.086299+00	2019-02-22 07:56:26.086319+00	f	f	f	f	2b27dced-9f22-4130-aa23-a56f8513bf11
81658aa8-dd24-4431-a24b-54b091d93556	2019-02-22 07:59:19.454723+00	2019-02-22 07:59:19.454739+00	f	f	f	f	9c694aa1-6050-4fdd-b800-4b9c362db2dc
f9d39256-749a-4032-8f4e-0950824f8c04	2019-03-04 14:14:53.362226+00	2019-03-04 14:45:54.484072+00	t	t	f	f	4f5b3c67-18e8-4e85-84ae-c6ab71727766
c2da41bf-9712-46de-a4b9-9cd2d81ccb17	2019-03-05 13:59:43.184254+00	2019-03-05 13:59:43.814599+00	t	f	t	t	d1afe55b-420b-48ac-aa72-78d80c59e72b
e4ac4d4a-5f65-4527-b60b-41b844d2fd08	2019-02-22 08:03:50.596225+00	2019-02-22 08:05:39.358037+00	t	t	t	f	5cce1e4d-c43c-4158-b8d1-87d6b563c3cf
e3a41c20-edbc-4a1a-b799-69f509617118	2019-03-06 15:25:31.403943+00	2019-03-06 15:25:32.017782+00	t	f	f	f	969c1145-8fd6-418f-9bcc-2e24950e7d7c
a4c83f42-97df-48cf-bf6d-d51dfe396151	2019-02-22 10:37:47.094858+00	2019-02-22 10:38:11.961569+00	t	f	t	f	72ea8013-d8b0-4e28-b1fe-1fa9c558fb79
1624749c-5db6-4b89-a67b-aeb189ab014c	2019-02-22 13:41:34.942627+00	2019-02-22 13:41:38.050888+00	f	f	f	f	812fd798-63b6-4b4b-94fe-d34fd67b5152
f6c77e59-e2b1-47d7-8e8d-46d246f082c5	2019-02-22 15:08:18.849523+00	2019-02-22 15:08:22.424385+00	t	t	f	t	434bce08-12be-4835-888f-a49365390da4
b5e14cf0-864a-48a7-aca0-8a2f48b419f5	2019-02-22 15:09:56.412527+00	2019-02-22 15:09:57.841141+00	f	f	f	f	b60e2d09-fb4d-4734-b1c6-8ae67f515e0c
b808e5c0-e910-468d-8c9f-e2063948c6bb	2019-03-01 09:04:56.565364+00	2019-03-01 09:04:58.851037+00	f	f	f	f	aa75a455-6c7d-4085-9738-3b8831bec132
c4b7a88c-a018-4b93-a7d1-d9ed5121419e	2019-03-01 14:39:04.095133+00	2019-03-01 14:39:06.9153+00	f	f	f	t	0aae2310-c151-4279-9ccf-d8a359fde90b
8a793f7f-9e79-455c-bc02-38dded333a83	2019-03-01 15:58:20.515967+00	2019-03-01 15:58:22.436434+00	t	f	f	f	ef5ff64f-4140-4130-911d-cb3781c13532
b3ace333-39b1-4a40-83c6-3ee9198ec53a	2019-03-07 09:23:35.617217+00	2019-03-07 09:23:36.974913+00	t	f	f	t	3370735b-a320-4ee1-a0b8-0d312722b47d
c94566e3-02a6-4087-afde-8581b1402ab1	2019-03-07 13:31:03.474762+00	2019-03-07 13:31:04.651342+00	t	t	f	t	0be7b516-7a5c-496a-bc84-2ca1829b5323
f2412058-56cd-403e-9262-89e6f9abb8a9	2019-03-11 09:06:30.943678+00	2019-03-11 09:06:31.593071+00	f	f	f	f	39ec44dc-caac-4c3f-a794-772dcb52c49e
4225d4e6-4e2d-4ad5-afeb-ebb8798ca04e	2019-03-11 09:11:09.085772+00	2019-03-11 09:11:09.666161+00	f	f	f	f	77c4a02a-dd85-4060-bf2d-5732318a5eab
ab507ed0-ea66-4b7f-8930-cae8478636ad	2019-03-11 09:12:39.940834+00	2019-03-11 09:12:40.551965+00	f	f	f	f	30f87733-d1a4-47dd-9cff-bffe57e38168
2df98785-c0f1-4ad7-8817-b9c7b350873a	2019-03-11 09:41:59.745938+00	2019-03-11 09:42:00.64325+00	f	f	f	f	0b4df1af-5848-4a19-9bc9-f470556aeb60
c4d37d73-3b66-4063-a06c-eb5746f4e1d6	2019-03-11 09:51:37.148808+00	2019-03-11 09:51:37.78135+00	t	t	t	t	a20257d4-aaa2-4583-aed2-2b236a89f816
6407412d-8b48-4781-9279-11fb1dff8ba9	2019-03-11 10:16:15.979446+00	2019-03-11 10:16:16.79745+00	f	f	f	f	d13dacdb-9a49-426e-b703-a8dc514c9ca0
fda5dae7-8282-431d-8ee0-94f826ed5e08	2019-03-11 11:25:18.688846+00	2019-03-11 11:25:19.572432+00	f	f	f	f	793e7b55-de50-4e62-aae4-f85aada813e7
f44f533c-181b-498f-a752-f2fef80599bf	2019-03-12 13:40:20.924911+00	2019-03-12 13:40:21.755066+00	f	f	f	f	075d20e4-673a-4418-aebd-a276af61ce6b
e36e3f9c-1d73-41d1-ab10-b2ae49298905	2019-03-12 13:41:16.677293+00	2019-03-12 13:41:17.988968+00	f	f	f	f	02b16997-107f-4214-a695-4455905e1f13
3a4ccc84-9ac1-4979-96eb-15d825ab9d5c	2019-03-12 13:41:24.765727+00	2019-03-12 13:41:25.760031+00	f	f	f	f	8b0e0c5c-a001-49ea-a1bb-67211980f235
62727c67-3ccc-46a0-9b97-079133c1e4b5	2019-03-12 13:41:37.796084+00	2019-03-12 13:41:38.71232+00	f	f	f	f	11ba9e8a-6425-484a-ba64-d73ae8820e44
13e0f96b-8e88-4bc4-bec9-6377fd9da27a	2019-03-12 13:41:47.548764+00	2019-03-12 13:41:48.548389+00	f	f	f	f	bc8c49b7-87c9-4977-b78c-4f02125e3283
7b2616fe-fb6b-4548-9bd6-d7c68038cdf2	2019-03-12 14:00:07.506161+00	2019-03-12 14:00:08.378316+00	f	f	f	f	b7e91eae-d4e4-408b-a38f-fa07de311a94
3f19c2c0-e205-485b-a4b4-f709e7b120e0	2019-03-12 14:01:05.873227+00	2019-03-12 14:01:06.90991+00	f	f	f	f	5c7b8632-5b89-476b-ba47-2637fa376695
f00abae5-58bf-461f-a3a6-614b1e6d2aa9	2019-03-12 14:01:34.189486+00	2019-04-05 06:59:45.155506+00	t	t	f	f	556ec902-a0d3-43ed-8e83-5b469e6e62dc
71929a77-7d85-4daa-8e31-d31cf6dacb6e	2019-03-13 06:53:08.546763+00	2019-03-13 06:55:44.471541+00	t	f	f	t	3163b673-02f3-4e39-99c8-4480e7420d0b
b07d28ad-2175-4200-b997-e4ac318effc7	2019-03-14 16:12:26.206178+00	2019-03-14 16:12:26.206193+00	f	f	f	f	417a60be-40ca-44d8-8c3a-cb0986cb8417
417bb7c8-b824-43a1-acc0-5f0c7d0ee7f9	2019-03-14 16:16:01.444753+00	2019-03-14 16:16:01.444771+00	f	f	f	f	06fd5654-0597-4a5b-a90a-bdca0f00b257
4a687244-1e84-4dd9-a928-f19efa9281b0	2019-03-14 18:01:25.264815+00	2019-03-14 18:01:25.928296+00	t	t	t	t	2a72e452-9fd0-4163-9e1c-c7572623a47c
0d86358a-c7ce-4a57-b33c-f296ba4401ee	2019-03-15 12:20:56.632079+00	2019-03-15 12:20:57.235327+00	t	f	f	t	a0ed8ec7-472c-4614-a710-658b29d720b9
311248e5-9db0-4e04-ab3e-901918ca67c1	2019-03-28 13:51:43.656419+00	2019-03-28 14:11:56.287075+00	f	t	f	t	1ea1273b-4b2c-4df7-bfd2-38dac733df15
13c8ff27-43b9-44bf-bfcb-e1fcc09dccbc	2019-03-12 14:00:21.431801+00	2019-04-08 16:37:46.559484+00	f	f	f	t	1f8305e6-7f3c-443a-9c13-dc76f2fffae3
d16936e4-806b-4a43-94ac-25a4e7cffa5c	2019-03-13 10:37:29.318149+00	2019-04-08 16:38:08.659063+00	t	t	f	t	1bf2c8b0-a76d-4228-8699-a3e221e1e0cc
cd115175-5f63-4519-bb5e-295f4343ae79	2019-04-05 06:58:25.916534+00	2019-04-08 16:39:30.940218+00	t	f	f	t	c51728f1-19ae-4e04-b22d-b0464441153f
e59c02bf-053b-4d0a-9ffa-b4fde73112b3	2019-03-13 10:36:46.237707+00	2019-04-08 16:40:05.058052+00	t	f	f	t	7a295c93-bba6-4cf9-ac44-042761f93da4
\.


--
-- Data for Name: guardian_groupobjectpermission; Type: TABLE DATA; Schema: public; Owner: -
--

COPY public.guardian_groupobjectpermission (id, object_pk, content_type_id, group_id, permission_id) FROM stdin;
1	5a1dfaf1-2081-4ed6-9802-74db5cba7c22	16	2	73
2	0bd27316-edcb-45b4-a4d6-f59bc080581a	16	3	73
3	4ca2a646-efae-4d79-a01b-54f499b2ea7c	16	4	73
4	fa192249-b195-4c4f-91ae-94b072d99a6e	16	5	73
5	5db30fab-9deb-4992-b648-aa7b2d2ac354	16	6	73
6	4bf768df-92a2-4691-aad1-2576b0f7bbd2	16	7	73
7	c5bc9944-bf98-420f-bbfc-537b2f4ea37b	16	8	73
8	4d86234e-0cd5-46cd-bef8-2c648e11d2c0	16	9	73
9	12856588-8c29-478d-b237-571d8542363b	16	10	73
10	803ee6b3-2ab7-4ce4-9d6a-1ac386e91e1a	16	11	73
11	123bf5ba-912c-4144-8b95-5416bbb13919	16	12	73
12	fd187042-c6e8-4ece-9d74-2d7a1efa13eb	16	13	73
13	1539a78e-23d7-42ec-bcc6-ebb89edc2683	16	14	73
14	8db86a01-7c62-4661-bb6c-135edb88247e	16	15	73
16	cba4e115-28b8-4d28-87c2-fc0dd962dfad	16	17	73
17	ec4078f3-d92c-4d1d-833c-70492de6fa1b	16	18	73
18	4aa805e7-2a3c-4048-a811-758b3a6a524d	16	19	73
19	d7690877-8057-449e-a71b-34808ee5c716	16	20	73
20	619c2eaa-a1b8-43c1-aa89-1bdca4ee3fe9	16	21	73
21	6d0ebb41-de9b-497b-9081-e0212c9c5031	16	22	73
22	c0e79572-3f22-40f5-a96c-cccdf399ab1c	16	23	73
23	5217840b-d9e4-4b7e-8253-a1a3e021bcb1	16	24	73
24	eabd6db6-4ace-478f-8548-a86e9b74ee75	16	25	73
25	4742a358-88a5-470a-af1c-ff4ba965012c	16	26	73
26	3006bc2f-d2de-49de-9b86-7abc806221ec	16	27	73
27	af8c150e-79e1-468b-9165-a995135a4057	16	28	73
28	8c30cbe1-c65a-4399-86a6-6b487bbb9e25	16	29	73
29	15eb3044-4cbf-404f-8a9b-99a767fc4054	16	30	73
30	fa125f17-5014-482c-9130-0461ce85985f	16	31	73
31	91176060-860a-4304-a845-19260a9fd65d	16	32	73
32	69c64536-3728-497d-b386-4302bcf7fd21	16	33	73
33	2543ae2e-b5e3-404f-9394-d5e7ba8c9819	16	34	73
34	646385e1-37d3-4c2c-be92-8ab837a3c5dd	16	35	73
35	320af8aa-26fb-4823-9ce2-fd472d70ec32	16	36	73
36	eee661e5-67be-4429-95cc-064b14c3f5aa	16	37	73
37	4687261a-789b-4018-88a3-c718a5fe63a5	16	38	73
38	8128c946-39b0-4a07-8022-51ca31dbd62c	16	39	73
39	a71dc242-fa58-4647-aef7-685125567227	16	40	73
40	599e6bee-d347-40cd-b60e-a0496b4a9d98	16	41	73
41	21814672-6261-45b1-a5e6-990e3aea3006	16	42	73
42	f26fea5e-2130-426f-9964-021a3c6b1b82	16	43	73
43	12ba8354-d4ed-4b75-8885-5868b32ade5c	16	44	73
44	7901615e-6d43-4352-aea9-f5937f98b793	16	45	73
45	c618ddd7-00e6-4fc9-8a81-ddf82fa558fb	16	46	73
46	6eab6bdb-89a8-4214-8bf5-cf814632b423	16	47	73
47	fdc9c398-580c-4e8d-b15d-4d857b68b798	16	48	73
48	ceed2b22-da64-4f4e-83a8-41118833a201	16	49	73
49	88ecf57d-3693-414e-931d-bcddb12028aa	16	50	73
50	353b761f-b7e5-49b0-af19-5d0f6c482f4a	16	51	73
51	d83a888d-a9c9-42c1-8e0e-7035651445f6	16	52	73
52	73249abb-c373-47db-a612-4f2e4498e948	16	53	73
53	1c35507f-c28f-404b-b089-62c02f561b5e	16	54	73
54	54d222b8-3cb1-4789-9b4f-9ce3ecc9f2e8	16	55	73
55	32323510-bce3-44e2-9710-e4e3fd5c25a0	16	56	73
56	e8a6877f-f3cb-436b-b492-708ded44b4bc	16	57	73
57	713cbbf2-df5b-4a59-81d8-21bd3fb94e95	16	58	73
58	b65667b9-4607-4ad5-a62a-840472107746	16	59	73
59	7355a5f4-d91e-4835-9896-d6a3d9507953	16	60	73
60	388e5acf-5d15-468a-9e3d-1be6305b186f	16	61	73
61	3c92767e-167f-480d-8b2b-21772a463e8f	16	62	73
62	6370e7af-cc67-4a2e-8a0f-ebb328a7845b	16	63	73
63	e2275f7e-462c-4fc9-8868-414c02302035	16	64	73
64	c0477564-e2be-4276-a63f-08068282cfd1	16	65	73
65	91d6a0c0-6510-47e3-abab-e4ddaef79988	16	66	73
66	47d34eae-ec03-4f35-a167-dd9403a2381e	16	67	73
67	5f535e63-62a9-4be6-a114-62490b2ffb42	16	68	73
68	db71899e-f31d-4c0b-bdde-47b6aadfb3ee	16	69	73
69	f4933e37-056b-4570-9294-ee0daa5ff9f9	16	70	73
70	5d7f9bcf-ec91-436c-9bef-47e88213aaca	16	71	73
71	a6a24a76-c1c8-4928-897a-c4cae63b6ef5	16	72	73
72	a9ff73a8-ed11-4d94-9ef6-287f8fcff038	16	73	73
73	275ee923-1bb8-41dc-97b4-857ca8528b0b	16	74	73
74	ad9b2f30-ae26-4999-9aa1-f2d956c0290b	16	75	73
75	4c417cdb-4dee-4003-a08e-f98a192c45b0	16	76	73
76	a5185187-f4ff-46f1-a262-755e1bb1e214	16	77	73
77	40db069f-f325-461c-a24c-b371d8450bd1	16	78	73
78	20290221-9d3e-4d75-8e87-b4891dee4de7	16	79	73
79	43e25611-7b77-4ae6-9a2f-51e563937047	16	80	73
80	cfb3146b-c786-4e50-b8ae-f01c50d42109	16	81	73
81	493c7ae8-f4d8-4b82-a13e-12872e94ec9d	16	82	73
82	bfb834a8-5d47-4075-a873-fc8416c9f177	16	83	73
83	f2a2e6ed-3878-463e-9ee0-817fda9baba7	16	84	73
84	bdf7f4a5-8603-4e02-8392-06a1fbf20100	16	85	73
85	9f6f4ac6-ca51-49b0-a10b-27eaa546f3a0	16	86	73
86	ceff2572-445f-4124-935b-131a907f138b	16	87	73
87	868da6b1-6918-4dbb-b6d2-f607ed2e20b0	16	88	73
88	d6bc4eec-2ea3-4952-96a9-facad1400f81	16	89	73
89	32d02a30-7663-420f-81d3-d1f3032f33d8	16	90	73
90	df890c25-7e8d-4e20-91a9-0f1c7272b711	16	91	73
91	b5376a92-472d-4ee7-85ee-f48bd5c2570a	16	92	73
92	68581095-4d0a-429b-ae51-dc1952157b36	16	93	73
93	f8b83d4e-0b8e-4b20-8658-6d24137d8ff7	16	94	73
94	a76a734a-a4f9-44f0-97f8-1768215b99eb	16	95	73
95	6cd0b20a-a023-4b16-85f2-23a452eef309	16	96	73
96	c6437f06-2fbd-4e62-a1d9-8303172d1266	16	97	73
97	ea432ac7-c80a-4dfc-b306-60c4d217c933	16	98	73
98	50f82e1d-6877-4080-a303-2168513d8c97	16	99	73
99	2e82d1cb-1de4-4d8a-a915-93cb7ad9bca9	16	100	73
100	6620b5bf-48e1-4fa2-8430-f1214451bb4b	16	101	73
101	c3f457b4-60d2-45c3-a9d1-6d058d4ab538	16	102	73
102	ca3ea267-d186-4336-b545-1e76275d3f69	16	103	73
103	f9c33b7d-db26-44ad-ad15-f49a3526347e	16	104	73
104	131596d8-2dbd-46be-b7f7-7f169a1ecce7	16	105	73
105	e9597392-2e7f-4c22-b53c-27c4b9144a7f	16	106	73
106	ecfa4c49-cfe8-4602-9c7a-70e417a0f0bb	16	107	73
107	5fd35c2c-4662-45c0-8906-c44daed6559b	16	108	73
108	61ca4531-908b-450b-96dc-f03eec21df7f	16	109	73
109	e2651526-25be-4095-8f04-1049e96a26cf	16	110	73
110	6962e5f3-7623-4557-ba57-ba007aea25a7	16	111	73
111	1d91f3ec-2dc1-4281-af22-010755df6bbe	16	112	73
112	02ff9da5-3207-4b67-bd35-d718ad483281	16	113	73
113	475c1fe7-e827-44e7-a493-838bab6cdf3a	16	114	73
114	098e5390-4195-4734-b3f4-e7dc190bd250	16	115	73
115	9c221f93-e309-4516-998a-22e6a8feb178	16	116	73
116	f6af8b61-a652-4833-b0cf-3ed1fa7a0c65	16	117	73
117	81800bc1-39b7-4b6e-9b03-0041f3fada69	16	118	73
118	8f21f601-6135-4139-8181-91bcc453a7dd	16	119	73
119	03d073f4-e6ca-4a68-8211-3e4185d8e44a	16	120	73
120	5313232a-7f9c-4665-94a8-8730c728adf7	16	121	73
121	59418a4f-9ca8-45ad-8d43-6afc61ff51ee	16	122	73
122	e8bc66a3-f306-4a1f-a32d-0d1e102b857f	16	123	73
123	cc34adb1-99b5-47be-bc9c-d95f0d1f8f87	16	124	73
124	22c6eac8-9f11-475f-958c-64a79ea198b9	16	125	73
125	f231273b-b977-45c4-9d0a-a145e60e73bb	16	126	73
126	ef5f8ec7-91d0-4b05-8a6d-697f4883124e	16	127	73
127	f1bb6a35-b932-4b86-8ce9-55e4542edac2	16	128	73
128	0836938e-47f3-4d69-b0a9-af471edecc66	16	129	73
129	7d0c82b6-39b2-471d-9847-810cb7943faa	16	130	73
130	b84c0462-1771-4575-9ca4-7cf93ed2cff6	16	131	73
\.


--
-- Data for Name: guardian_userobjectpermission; Type: TABLE DATA; Schema: public; Owner: -
--

COPY public.guardian_userobjectpermission (id, object_pk, content_type_id, permission_id, user_id) FROM stdin;
1	5a1dfaf1-2081-4ed6-9802-74db5cba7c22	16	72	b2e80aa0-e05a-4753-8bd0-c444ce6a3fa6
2	0bd27316-edcb-45b4-a4d6-f59bc080581a	16	72	28176fa5-af86-468f-af53-41f9f9f5afd1
3	4ca2a646-efae-4d79-a01b-54f499b2ea7c	16	72	47626731-4ba3-44d2-8506-16b4664eab5e
4	fa192249-b195-4c4f-91ae-94b072d99a6e	16	72	c6d5c6d1-042b-4684-a7dc-601f6b057f4e
5	5db30fab-9deb-4992-b648-aa7b2d2ac354	16	72	9227b00e-ce71-469e-acb0-f12b680acca2
6	4bf768df-92a2-4691-aad1-2576b0f7bbd2	16	72	4306680e-bfd6-4589-b696-73ec4e70238b
7	c5bc9944-bf98-420f-bbfc-537b2f4ea37b	16	72	f1fdf456-4208-4ba6-bc2b-7b29f0db510c
8	0bd27316-edcb-45b4-a4d6-f59bc080581a	16	76	19995522-1d7e-46e1-af8c-faccc7564738
9	0bd27316-edcb-45b4-a4d6-f59bc080581a	16	77	19995522-1d7e-46e1-af8c-faccc7564738
10	0bd27316-edcb-45b4-a4d6-f59bc080581a	16	78	19995522-1d7e-46e1-af8c-faccc7564738
11	0bd27316-edcb-45b4-a4d6-f59bc080581a	16	79	19995522-1d7e-46e1-af8c-faccc7564738
12	4d86234e-0cd5-46cd-bef8-2c648e11d2c0	16	72	09373be8-9180-40b9-8835-1d7ae043ed07
13	12856588-8c29-478d-b237-571d8542363b	16	72	00163068-1862-4ac4-b0b4-34dc2c5098d4
14	12856588-8c29-478d-b237-571d8542363b	16	76	c3436317-60bd-464e-885a-1e8f98451c6e
15	12856588-8c29-478d-b237-571d8542363b	16	79	c3436317-60bd-464e-885a-1e8f98451c6e
16	803ee6b3-2ab7-4ce4-9d6a-1ac386e91e1a	16	72	fb885d4e-fc8e-4da6-84bf-d8b1861bd6db
17	12856588-8c29-478d-b237-571d8542363b	16	77	c3436317-60bd-464e-885a-1e8f98451c6e
18	12856588-8c29-478d-b237-571d8542363b	16	78	c3436317-60bd-464e-885a-1e8f98451c6e
19	123bf5ba-912c-4144-8b95-5416bbb13919	16	72	3c55e8d3-bcd7-4005-8a53-ed30ec32eb49
20	12856588-8c29-478d-b237-571d8542363b	16	79	63f09550-2ec1-448b-83e6-cafd87cb328d
21	fd187042-c6e8-4ece-9d74-2d7a1efa13eb	16	72	4af5c711-31ce-4463-9535-d39d71204e9a
22	1539a78e-23d7-42ec-bcc6-ebb89edc2683	16	72	b1ecc88e-4fe9-46e0-a676-2ac5c744c079
23	8db86a01-7c62-4661-bb6c-135edb88247e	16	72	91fd1fc3-fa47-4387-9005-6397e9c52da2
25	cba4e115-28b8-4d28-87c2-fc0dd962dfad	16	72	c02ddbfb-ff3c-4472-8041-a5b9348f477d
26	ec4078f3-d92c-4d1d-833c-70492de6fa1b	16	72	60397fdf-05e0-443f-88ee-1037158f4580
27	4aa805e7-2a3c-4048-a811-758b3a6a524d	16	72	b9a4b0ba-2abd-4944-8f08-3c658d17033f
28	d7690877-8057-449e-a71b-34808ee5c716	16	72	47007590-e901-4cad-80f8-ffa2cd44dbca
29	619c2eaa-a1b8-43c1-aa89-1bdca4ee3fe9	16	72	5aefcffe-7891-4ddd-a96e-ce82d9635412
30	6d0ebb41-de9b-497b-9081-e0212c9c5031	16	72	b1b484a2-12e0-4661-962b-1826cdc80ebf
31	c0e79572-3f22-40f5-a96c-cccdf399ab1c	16	72	abee743b-8fb7-416f-b875-a68717ef1a1c
32	5217840b-d9e4-4b7e-8253-a1a3e021bcb1	16	72	526badd8-2f7b-49ef-8bfc-d183b6dc89f7
33	eabd6db6-4ace-478f-8548-a86e9b74ee75	16	72	34a509ca-c6b4-4d51-9348-d10420f1c270
34	4742a358-88a5-470a-af1c-ff4ba965012c	16	72	cff64a03-3fc8-4881-802e-8a35599c3c49
35	3006bc2f-d2de-49de-9b86-7abc806221ec	16	72	cdf49eee-bb74-47b4-a9ca-74d4aff0b112
36	af8c150e-79e1-468b-9165-a995135a4057	16	72	0d217cb0-0f96-4184-9d50-4711bf63cd9a
37	8c30cbe1-c65a-4399-86a6-6b487bbb9e25	16	72	cc2a8e57-9c46-4889-9400-5962e15318c0
38	15eb3044-4cbf-404f-8a9b-99a767fc4054	16	72	57e569c4-5808-4a28-90ce-979e82bfcddd
39	fa125f17-5014-482c-9130-0461ce85985f	16	72	18b4b167-00c0-45a0-beec-9897541b1b17
40	91176060-860a-4304-a845-19260a9fd65d	16	72	88f536f4-9738-4d7f-806d-591fd4bc48d9
41	69c64536-3728-497d-b386-4302bcf7fd21	16	72	f542d30a-9a7c-47e9-ac20-1b9e36be1615
42	2543ae2e-b5e3-404f-9394-d5e7ba8c9819	16	72	c23e49f5-8ce8-4247-b425-86ff9f23dd2a
43	646385e1-37d3-4c2c-be92-8ab837a3c5dd	16	72	742d9566-a7a9-4253-adb4-80b2c380d746
44	320af8aa-26fb-4823-9ce2-fd472d70ec32	16	72	6942d513-2a61-4757-ba77-a6a0e329b987
45	eee661e5-67be-4429-95cc-064b14c3f5aa	16	72	c305199e-b2ee-4950-b2f3-598e25970a7f
46	4687261a-789b-4018-88a3-c718a5fe63a5	16	72	db83b7ad-4598-4a7a-b46c-3857c0a8fc07
47	8128c946-39b0-4a07-8022-51ca31dbd62c	16	72	d35e8721-236e-492d-902e-a2b535520fb6
48	a71dc242-fa58-4647-aef7-685125567227	16	72	b90c50e1-c7be-461e-9f26-f977aae60147
49	599e6bee-d347-40cd-b60e-a0496b4a9d98	16	72	d9ce4b72-ba36-42df-9edb-100dec446866
50	21814672-6261-45b1-a5e6-990e3aea3006	16	72	97aeb68d-d9d9-4622-b2a5-bde1406b750a
51	f26fea5e-2130-426f-9964-021a3c6b1b82	16	72	b63c908f-ccb4-47ec-84ce-b07e70dd94c6
52	12ba8354-d4ed-4b75-8885-5868b32ade5c	16	72	728d5719-5280-49c7-abb8-d66f9e6f5f91
53	7901615e-6d43-4352-aea9-f5937f98b793	16	72	6d11a6e4-91df-44f0-84b4-15120102f480
54	c618ddd7-00e6-4fc9-8a81-ddf82fa558fb	16	72	baa579d9-997f-4ac7-8441-220692505937
55	6eab6bdb-89a8-4214-8bf5-cf814632b423	16	72	dc943f26-da19-47af-b928-31645dce6b00
56	fdc9c398-580c-4e8d-b15d-4d857b68b798	16	72	844bb57d-0426-4573-90f3-50873c02bb95
57	ceed2b22-da64-4f4e-83a8-41118833a201	16	72	145576ce-f9e8-4168-a2e9-3075d2752772
58	88ecf57d-3693-414e-931d-bcddb12028aa	16	72	dde4b9bd-ae68-4541-8443-36c20a837c13
59	12856588-8c29-478d-b237-571d8542363b	16	76	63f09550-2ec1-448b-83e6-cafd87cb328d
60	353b761f-b7e5-49b0-af19-5d0f6c482f4a	16	72	381d6a22-beae-4fec-a79c-e5a68aaa3522
61	d83a888d-a9c9-42c1-8e0e-7035651445f6	16	72	bc3cd5cc-d05c-4e12-acd7-fef885f0f94e
62	73249abb-c373-47db-a612-4f2e4498e948	16	72	f0c13414-2644-4989-89a1-facf6cff5a2d
63	1c35507f-c28f-404b-b089-62c02f561b5e	16	72	9133b307-cc1b-4b6e-a6a0-462ad3716775
64	12856588-8c29-478d-b237-571d8542363b	16	79	0d5a83a6-17d0-4a56-a24c-ec96d30a9c67
65	12856588-8c29-478d-b237-571d8542363b	16	76	91ca1d3e-7881-4512-b955-c220b766bae4
66	12856588-8c29-478d-b237-571d8542363b	16	77	91ca1d3e-7881-4512-b955-c220b766bae4
67	12856588-8c29-478d-b237-571d8542363b	16	76	0101f6e5-7785-424b-a8ab-b8ad95babeed
68	12856588-8c29-478d-b237-571d8542363b	16	77	0101f6e5-7785-424b-a8ab-b8ad95babeed
69	12856588-8c29-478d-b237-571d8542363b	16	78	0101f6e5-7785-424b-a8ab-b8ad95babeed
70	12856588-8c29-478d-b237-571d8542363b	16	79	92881f6b-a3f9-40d1-88b1-68179751c77d
71	12856588-8c29-478d-b237-571d8542363b	16	77	81b12ad6-4b5d-4e7e-8415-e534515c85c6
72	12856588-8c29-478d-b237-571d8542363b	16	79	81b12ad6-4b5d-4e7e-8415-e534515c85c6
73	12856588-8c29-478d-b237-571d8542363b	16	76	0c67ce4c-86cb-4c7a-9afc-8ed2fffe97da
74	12856588-8c29-478d-b237-571d8542363b	16	77	0c67ce4c-86cb-4c7a-9afc-8ed2fffe97da
75	12856588-8c29-478d-b237-571d8542363b	16	78	0c67ce4c-86cb-4c7a-9afc-8ed2fffe97da
76	12856588-8c29-478d-b237-571d8542363b	16	76	48857927-8f58-43eb-80be-a432ca6da5e5
77	12856588-8c29-478d-b237-571d8542363b	16	77	48857927-8f58-43eb-80be-a432ca6da5e5
78	12856588-8c29-478d-b237-571d8542363b	16	76	4f00e2b3-ecc0-499a-8093-09b3df21c441
80	12856588-8c29-478d-b237-571d8542363b	16	78	4f00e2b3-ecc0-499a-8093-09b3df21c441
82	12856588-8c29-478d-b237-571d8542363b	16	76	cb204ef8-0c54-4921-82e4-4635c89a7aac
83	12856588-8c29-478d-b237-571d8542363b	16	77	cb204ef8-0c54-4921-82e4-4635c89a7aac
84	12856588-8c29-478d-b237-571d8542363b	16	78	cb204ef8-0c54-4921-82e4-4635c89a7aac
85	12856588-8c29-478d-b237-571d8542363b	16	79	cb204ef8-0c54-4921-82e4-4635c89a7aac
86	12856588-8c29-478d-b237-571d8542363b	16	76	60ec1f98-4cea-4aaa-adac-17dd928b7925
88	12856588-8c29-478d-b237-571d8542363b	16	78	60ec1f98-4cea-4aaa-adac-17dd928b7925
90	12856588-8c29-478d-b237-571d8542363b	16	79	60ec1f98-4cea-4aaa-adac-17dd928b7925
91	12856588-8c29-478d-b237-571d8542363b	16	79	b1c335eb-47b0-4703-aa65-fce6472b3fff
92	12856588-8c29-478d-b237-571d8542363b	16	76	6f3282d3-cca6-42f0-8c5f-0aa673532a20
93	12856588-8c29-478d-b237-571d8542363b	16	77	6f3282d3-cca6-42f0-8c5f-0aa673532a20
94	12856588-8c29-478d-b237-571d8542363b	16	76	2dba2e41-0c36-4de5-8501-74fa5782d6ea
95	12856588-8c29-478d-b237-571d8542363b	16	77	2dba2e41-0c36-4de5-8501-74fa5782d6ea
96	12856588-8c29-478d-b237-571d8542363b	16	78	2dba2e41-0c36-4de5-8501-74fa5782d6ea
98	12856588-8c29-478d-b237-571d8542363b	16	76	8d20956b-d720-4076-b12f-40c3a435695f
100	12856588-8c29-478d-b237-571d8542363b	16	78	8d20956b-d720-4076-b12f-40c3a435695f
102	12856588-8c29-478d-b237-571d8542363b	16	76	0d0e074b-0718-497c-9019-4071afb94ce9
103	12856588-8c29-478d-b237-571d8542363b	16	77	0d0e074b-0718-497c-9019-4071afb94ce9
104	12856588-8c29-478d-b237-571d8542363b	16	79	0d0e074b-0718-497c-9019-4071afb94ce9
105	54d222b8-3cb1-4789-9b4f-9ce3ecc9f2e8	16	72	954e3d8f-bb81-4ca6-88dd-f7b04ffc1178
106	32323510-bce3-44e2-9710-e4e3fd5c25a0	16	72	d79f5180-a0c6-4ee8-8538-7c71124e6dc5
107	e8a6877f-f3cb-436b-b492-708ded44b4bc	16	72	9831c723-4dcf-43d1-bc0f-1ee93a29f22b
108	713cbbf2-df5b-4a59-81d8-21bd3fb94e95	16	72	14797652-68b3-4e3a-8797-d1581c30a003
109	b65667b9-4607-4ad5-a62a-840472107746	16	72	d8c4a725-e261-495f-9c90-5ebb26312bf7
110	7355a5f4-d91e-4835-9896-d6a3d9507953	16	72	f0d1054a-dea8-48e9-a8fd-84e73e71c2fc
111	388e5acf-5d15-468a-9e3d-1be6305b186f	16	72	2de65869-74fc-4c84-a9d6-d3d936201e0b
112	3c92767e-167f-480d-8b2b-21772a463e8f	16	72	243885d0-23f2-47b8-a06c-4d4b4d7b491d
113	6370e7af-cc67-4a2e-8a0f-ebb328a7845b	16	72	c7951ad6-d950-4910-9c82-42903f8971c4
114	e2275f7e-462c-4fc9-8868-414c02302035	16	72	dee4eda6-3428-4240-8f4f-d76f9f90688d
115	12856588-8c29-478d-b237-571d8542363b	16	79	ad2f128e-4928-479f-87e0-606cb391998d
116	c0477564-e2be-4276-a63f-08068282cfd1	16	72	21111d93-aac7-4eea-962a-8f20ddb3ce07
117	c0477564-e2be-4276-a63f-08068282cfd1	16	76	f112feeb-b2e0-4665-a076-1bd46b92af5b
118	91d6a0c0-6510-47e3-abab-e4ddaef79988	16	72	662d73ff-fb2d-4876-972d-804e0915ccaa
119	91d6a0c0-6510-47e3-abab-e4ddaef79988	16	76	a0ca5929-5fbe-40d9-b9c7-a11f9783faa9
120	91d6a0c0-6510-47e3-abab-e4ddaef79988	16	77	a0ca5929-5fbe-40d9-b9c7-a11f9783faa9
121	91d6a0c0-6510-47e3-abab-e4ddaef79988	16	78	a0ca5929-5fbe-40d9-b9c7-a11f9783faa9
122	91d6a0c0-6510-47e3-abab-e4ddaef79988	16	79	a0ca5929-5fbe-40d9-b9c7-a11f9783faa9
123	47d34eae-ec03-4f35-a167-dd9403a2381e	16	72	d0cf6078-d968-4fc3-9e8c-b9f659c377f2
124	5f535e63-62a9-4be6-a114-62490b2ffb42	16	72	122d8e4c-87e4-478b-b2a8-4eb4eaa50504
125	e2275f7e-462c-4fc9-8868-414c02302035	16	76	86da1264-d1ef-47c5-a9ce-0b1f42f24598
126	db71899e-f31d-4c0b-bdde-47b6aadfb3ee	16	72	88215d5c-2ea4-4f12-b639-4feadc64f293
127	f4933e37-056b-4570-9294-ee0daa5ff9f9	16	72	6b7b5db9-f596-42e6-aa40-4585f7ffd5b5
128	5d7f9bcf-ec91-436c-9bef-47e88213aaca	16	72	c61dc8ee-992c-4872-a30c-f52c58834cc2
129	a6a24a76-c1c8-4928-897a-c4cae63b6ef5	16	72	b38c9aa6-fc13-4952-b624-cad4dbd0c56b
130	a6a24a76-c1c8-4928-897a-c4cae63b6ef5	16	79	19bc2201-1bff-4665-9ec7-5fb8993133ce
131	e2275f7e-462c-4fc9-8868-414c02302035	16	77	86da1264-d1ef-47c5-a9ce-0b1f42f24598
134	e2275f7e-462c-4fc9-8868-414c02302035	16	76	04016f9f-cf4c-46e7-b4d9-be3750d96524
135	e2275f7e-462c-4fc9-8868-414c02302035	16	78	04016f9f-cf4c-46e7-b4d9-be3750d96524
136	e2275f7e-462c-4fc9-8868-414c02302035	16	76	fd8cf933-1c69-4e2b-b9f1-46691d5363c2
137	e2275f7e-462c-4fc9-8868-414c02302035	16	77	fd8cf933-1c69-4e2b-b9f1-46691d5363c2
138	e2275f7e-462c-4fc9-8868-414c02302035	16	76	48eb9f3a-0565-4514-929b-3abe4dcaee8e
139	e2275f7e-462c-4fc9-8868-414c02302035	16	79	48eb9f3a-0565-4514-929b-3abe4dcaee8e
140	a9ff73a8-ed11-4d94-9ef6-287f8fcff038	16	72	293c12c5-bb6c-43ee-9d40-9d50917704a9
141	275ee923-1bb8-41dc-97b4-857ca8528b0b	16	72	093646a5-41f9-44f3-a426-c1deed35dc20
142	ad9b2f30-ae26-4999-9aa1-f2d956c0290b	16	72	b7c81d54-7bde-4497-8f47-1c9bf874ddb5
143	ad9b2f30-ae26-4999-9aa1-f2d956c0290b	16	76	f87d736d-167f-45ae-b9d3-f80422601e4d
144	ad9b2f30-ae26-4999-9aa1-f2d956c0290b	16	77	f87d736d-167f-45ae-b9d3-f80422601e4d
147	4c417cdb-4dee-4003-a08e-f98a192c45b0	16	72	71e91daa-3d4a-40a1-860c-89ac909979ae
148	a5185187-f4ff-46f1-a262-755e1bb1e214	16	72	8dba66b2-2851-4a7e-a3fb-b46ecf570407
149	40db069f-f325-461c-a24c-b371d8450bd1	16	72	a70ae86f-ccb0-4c20-b797-44549c1d6f24
150	20290221-9d3e-4d75-8e87-b4891dee4de7	16	72	cfd5e6d9-f12a-4cf3-879a-8d38b414cdee
151	a5185187-f4ff-46f1-a262-755e1bb1e214	16	76	2c8ff575-9cd8-4db9-98b6-d3aebd899ad1
152	a5185187-f4ff-46f1-a262-755e1bb1e214	16	78	2c8ff575-9cd8-4db9-98b6-d3aebd899ad1
153	a5185187-f4ff-46f1-a262-755e1bb1e214	16	79	2c8ff575-9cd8-4db9-98b6-d3aebd899ad1
154	43e25611-7b77-4ae6-9a2f-51e563937047	16	72	75943970-e687-4aee-af62-7d6f01d10fec
155	cfb3146b-c786-4e50-b8ae-f01c50d42109	16	72	11f4487d-3bb1-4c20-bcc3-366a8813844b
156	a5185187-f4ff-46f1-a262-755e1bb1e214	16	76	1ad98bd5-aaa3-47f3-a749-056d0a52aacd
157	493c7ae8-f4d8-4b82-a13e-12872e94ec9d	16	72	4837b7c2-f9d6-48ad-bd17-d744af8f07bb
158	a5185187-f4ff-46f1-a262-755e1bb1e214	16	76	9609f213-bdae-4ab3-b8b8-3030a7202349
159	a5185187-f4ff-46f1-a262-755e1bb1e214	16	79	9609f213-bdae-4ab3-b8b8-3030a7202349
160	bfb834a8-5d47-4075-a873-fc8416c9f177	16	72	78d65222-3417-4752-8513-0a749418f174
161	a5185187-f4ff-46f1-a262-755e1bb1e214	16	76	9bc92cd9-83ee-456d-9a9c-0efbc16e09b4
162	a5185187-f4ff-46f1-a262-755e1bb1e214	16	77	9bc92cd9-83ee-456d-9a9c-0efbc16e09b4
163	a5185187-f4ff-46f1-a262-755e1bb1e214	16	79	9bc92cd9-83ee-456d-9a9c-0efbc16e09b4
164	f2a2e6ed-3878-463e-9ee0-817fda9baba7	16	72	bc66633c-4fab-4559-81af-360c897b0aa8
165	f2a2e6ed-3878-463e-9ee0-817fda9baba7	16	76	26e1871b-4d5a-4e3b-adbe-f0321f5fa0e2
166	f2a2e6ed-3878-463e-9ee0-817fda9baba7	16	77	26e1871b-4d5a-4e3b-adbe-f0321f5fa0e2
167	f2a2e6ed-3878-463e-9ee0-817fda9baba7	16	78	26e1871b-4d5a-4e3b-adbe-f0321f5fa0e2
168	f2a2e6ed-3878-463e-9ee0-817fda9baba7	16	79	26e1871b-4d5a-4e3b-adbe-f0321f5fa0e2
169	bdf7f4a5-8603-4e02-8392-06a1fbf20100	16	72	6c9dd034-bf89-4945-a4bb-1d179aa52640
170	9f6f4ac6-ca51-49b0-a10b-27eaa546f3a0	16	72	fd250725-81e6-4f47-acdf-a1e118cb4499
171	ceff2572-445f-4124-935b-131a907f138b	16	72	867a1433-d0fd-42f2-8a2e-5bbc56e5ba40
172	868da6b1-6918-4dbb-b6d2-f607ed2e20b0	16	72	ad9d2d39-b7d8-4461-9bad-4b92546556ed
173	d6bc4eec-2ea3-4952-96a9-facad1400f81	16	72	c43e210a-f81e-4d58-b3b5-d1fc9dfd2ff5
174	c0477564-e2be-4276-a63f-08068282cfd1	16	79	870855d9-eb98-4b66-a5e6-95e7eda8ea25
175	c0477564-e2be-4276-a63f-08068282cfd1	16	76	870855d9-eb98-4b66-a5e6-95e7eda8ea25
176	c0477564-e2be-4276-a63f-08068282cfd1	16	76	874e2b02-eb49-4cce-9e2f-d4e85db1cf5b
178	c0477564-e2be-4276-a63f-08068282cfd1	16	79	8083e129-db2f-4e60-8c27-f9728a4a936d
179	c0477564-e2be-4276-a63f-08068282cfd1	16	77	8083e129-db2f-4e60-8c27-f9728a4a936d
180	32d02a30-7663-420f-81d3-d1f3032f33d8	16	72	e402a1f9-4054-4a1d-aac8-a1fd3d4d6928
181	df890c25-7e8d-4e20-91a9-0f1c7272b711	16	72	aa7e1092-9ab5-44ec-b991-53ef51a6be82
182	b5376a92-472d-4ee7-85ee-f48bd5c2570a	16	72	3c011ff3-f9d4-4783-8e20-749b332ea6ff
183	68581095-4d0a-429b-ae51-dc1952157b36	16	72	6dab7eb9-5cba-4b20-b976-da86d9ca11b4
184	f8b83d4e-0b8e-4b20-8658-6d24137d8ff7	16	72	76fb5327-4615-4587-9826-2edebb23496f
185	a76a734a-a4f9-44f0-97f8-1768215b99eb	16	72	1a508858-fb0b-4dc4-a344-27e0a701b9fc
186	6cd0b20a-a023-4b16-85f2-23a452eef309	16	72	2dfd78d8-6685-4b89-b0d3-4f8688a48ba1
187	f26fea5e-2130-426f-9964-021a3c6b1b82	16	76	406bd269-c917-4c51-b200-4d8436dfa87f
188	f26fea5e-2130-426f-9964-021a3c6b1b82	16	77	406bd269-c917-4c51-b200-4d8436dfa87f
189	f26fea5e-2130-426f-9964-021a3c6b1b82	16	78	406bd269-c917-4c51-b200-4d8436dfa87f
190	f26fea5e-2130-426f-9964-021a3c6b1b82	16	79	406bd269-c917-4c51-b200-4d8436dfa87f
191	e2275f7e-462c-4fc9-8868-414c02302035	16	76	baf8b992-91de-4c81-914d-5206d2e2c76e
192	e2275f7e-462c-4fc9-8868-414c02302035	16	79	baf8b992-91de-4c81-914d-5206d2e2c76e
193	c6437f06-2fbd-4e62-a1d9-8303172d1266	16	72	e5cb9ea2-2698-4ed3-a368-288e086481db
194	ea432ac7-c80a-4dfc-b306-60c4d217c933	16	72	f92ad152-77a4-4dae-9999-7298df72b6bb
195	50f82e1d-6877-4080-a303-2168513d8c97	16	72	f928e9de-e205-43cc-b6bc-c76c96672a1b
196	2e82d1cb-1de4-4d8a-a915-93cb7ad9bca9	16	72	5b5ef80e-a718-401b-9d2c-00824dbc8aea
197	6620b5bf-48e1-4fa2-8430-f1214451bb4b	16	72	d6fd91d3-82b6-47e3-817d-116f2194119d
198	c3f457b4-60d2-45c3-a9d1-6d058d4ab538	16	72	6ab35572-c520-4357-8e8e-6efcaf9a35e2
199	ca3ea267-d186-4336-b545-1e76275d3f69	16	72	17ea3c33-26db-4651-b466-de347667a7b3
200	f9c33b7d-db26-44ad-ad15-f49a3526347e	16	72	6a3eec5e-bcb8-4210-8ee8-26c7857831d4
201	131596d8-2dbd-46be-b7f7-7f169a1ecce7	16	72	c18ee942-e55d-45a8-a9ec-210390aaab4b
202	e9597392-2e7f-4c22-b53c-27c4b9144a7f	16	72	322c5a1a-e02a-444f-8338-851dc6832763
203	ecfa4c49-cfe8-4602-9c7a-70e417a0f0bb	16	72	31743c5b-c1a8-4c28-9976-bd04517a2949
204	5fd35c2c-4662-45c0-8906-c44daed6559b	16	72	74901291-6fae-4f23-91ca-b2d1199c91dc
205	5fd35c2c-4662-45c0-8906-c44daed6559b	16	77	bd0f8ac5-b651-4779-93de-d593c36d9462
206	5fd35c2c-4662-45c0-8906-c44daed6559b	16	79	bd0f8ac5-b651-4779-93de-d593c36d9462
207	61ca4531-908b-450b-96dc-f03eec21df7f	16	72	080fe038-96e6-4c8e-a1b8-15540ff3295f
208	e2651526-25be-4095-8f04-1049e96a26cf	16	72	f550b902-ec0b-44a4-bc17-e3315c8a459e
209	6962e5f3-7623-4557-ba57-ba007aea25a7	16	72	800d9ca5-aae2-4e26-9fe5-be97b1c19366
210	1d91f3ec-2dc1-4281-af22-010755df6bbe	16	72	958c520a-bc4a-4244-a017-333d0daa69db
211	02ff9da5-3207-4b67-bd35-d718ad483281	16	72	82d4484d-ae02-47db-987d-5f1e4127b72b
212	475c1fe7-e827-44e7-a493-838bab6cdf3a	16	72	731d1b10-f86e-4a3d-ace4-cb7b8d8e67fd
213	098e5390-4195-4734-b3f4-e7dc190bd250	16	72	6160b22e-4f70-4d2e-814c-ae48a3ab5c78
214	9c221f93-e309-4516-998a-22e6a8feb178	16	72	6b5eb056-e1c3-41a7-9cce-e635c4549058
215	f6af8b61-a652-4833-b0cf-3ed1fa7a0c65	16	72	75b099d9-ad9a-47a7-a4e7-c96608e6b824
216	81800bc1-39b7-4b6e-9b03-0041f3fada69	16	72	129b44c0-a9d7-44e9-ad29-8e7aaf97aaf6
217	8f21f601-6135-4139-8181-91bcc453a7dd	16	72	81f1710f-3bb4-4ca9-b39b-092c4fc03855
218	03d073f4-e6ca-4a68-8211-3e4185d8e44a	16	72	56245c75-b815-4933-bdf7-d86e0f2fa51b
219	5313232a-7f9c-4665-94a8-8730c728adf7	16	72	f0102dd1-65b1-43af-90b4-12f91b14d77f
220	59418a4f-9ca8-45ad-8d43-6afc61ff51ee	16	72	41c4d589-2ce6-425d-9324-d22e0feb4e91
221	e8bc66a3-f306-4a1f-a32d-0d1e102b857f	16	72	27bed6a4-0a77-4848-a51b-b500c620cc27
222	cc34adb1-99b5-47be-bc9c-d95f0d1f8f87	16	72	330d4d73-fe08-4fdc-8dc6-39fe2351360c
223	22c6eac8-9f11-475f-958c-64a79ea198b9	16	72	5b606f79-6fea-45b6-b5eb-23961a7427d1
224	f231273b-b977-45c4-9d0a-a145e60e73bb	16	72	7450d769-b040-46de-9a2f-c691e77e3b00
225	ef5f8ec7-91d0-4b05-8a6d-697f4883124e	16	72	1d0f3382-b94a-48fa-b579-e6bb73caafea
226	f1bb6a35-b932-4b86-8ce9-55e4542edac2	16	72	a39c6b69-d6e7-4a2e-beb3-8e9af03651e5
227	c0477564-e2be-4276-a63f-08068282cfd1	16	76	a7e74b5e-44c8-45d5-97fe-08f4a5e64bf2
228	c0477564-e2be-4276-a63f-08068282cfd1	16	79	a7e74b5e-44c8-45d5-97fe-08f4a5e64bf2
229	c0477564-e2be-4276-a63f-08068282cfd1	16	76	0ce01636-1173-45a0-940b-5448e34e97c8
230	c0477564-e2be-4276-a63f-08068282cfd1	16	77	0ce01636-1173-45a0-940b-5448e34e97c8
231	0836938e-47f3-4d69-b0a9-af471edecc66	16	72	5747aa0c-343b-4bba-9794-4e057b8aa47c
232	7d0c82b6-39b2-471d-9847-810cb7943faa	16	72	d65aae03-6e5c-40ee-8d95-0558b78b8409
233	b84c0462-1771-4575-9ca4-7cf93ed2cff6	16	72	343d94cc-cf32-4555-b3a8-0854947fe9a9
235	c0477564-e2be-4276-a63f-08068282cfd1	16	79	aa03592b-b88b-415e-adef-7f106a116a52
236	c0477564-e2be-4276-a63f-08068282cfd1	16	76	8083e129-db2f-4e60-8c27-f9728a4a936d
237	c0477564-e2be-4276-a63f-08068282cfd1	16	79	874e2b02-eb49-4cce-9e2f-d4e85db1cf5b
\.


--
-- Name: auth_group_id_seq; Type: SEQUENCE SET; Schema: public; Owner: -
--

SELECT pg_catalog.setval('public.auth_group_id_seq', 131, true);


--
-- Name: auth_group_permissions_id_seq; Type: SEQUENCE SET; Schema: public; Owner: -
--

SELECT pg_catalog.setval('public.auth_group_permissions_id_seq', 1, false);


--
-- Name: auth_permission_id_seq; Type: SEQUENCE SET; Schema: public; Owner: -
--

SELECT pg_catalog.setval('public.auth_permission_id_seq', 88, true);


--
-- Name: core_user_groups_id_seq; Type: SEQUENCE SET; Schema: public; Owner: -
--

SELECT pg_catalog.setval('public.core_user_groups_id_seq', 260, true);


--
-- Name: core_user_user_permissions_id_seq; Type: SEQUENCE SET; Schema: public; Owner: -
--

SELECT pg_catalog.setval('public.core_user_user_permissions_id_seq', 202, true);


--
-- Name: django_admin_log_id_seq; Type: SEQUENCE SET; Schema: public; Owner: -
--

SELECT pg_catalog.setval('public.django_admin_log_id_seq', 1, false);


--
-- Name: django_content_type_id_seq; Type: SEQUENCE SET; Schema: public; Owner: -
--

SELECT pg_catalog.setval('public.django_content_type_id_seq', 18, true);


--
-- Name: django_migrations_id_seq; Type: SEQUENCE SET; Schema: public; Owner: -
--

SELECT pg_catalog.setval('public.django_migrations_id_seq', 31, true);


--
-- Name: guardian_groupobjectpermission_id_seq; Type: SEQUENCE SET; Schema: public; Owner: -
--

SELECT pg_catalog.setval('public.guardian_groupobjectpermission_id_seq', 130, true);


--
-- Name: guardian_userobjectpermission_id_seq; Type: SEQUENCE SET; Schema: public; Owner: -
--

SELECT pg_catalog.setval('public.guardian_userobjectpermission_id_seq', 237, true);


--
-- PostgreSQL database dump complete
--

